Workbook

Sheet Summary
A1: Treatments & Countermeasures
A4: Summary
A5: Countermeasures | C5: Treatments | E5: Usable
A6: =COUNTA(Countermeasures!B3:B32) -> 30 | C6: =COUNTA(Treatments!B3:B135) -> 133 | E6: =COUNTIF(Treatments!AD3:AD135,"Yes") -> 128
A8: Excluded | C8: 4-5 star treatments | E8: Avg crash reduction (CRF)
A9: =COUNTIF(Treatments!AD3:AD135,"No*") -> 5 | C9: =COUNTIF(Treatments!N3:N135,">=4") -> 112 | E9: =TEXT(AVERAGE(Treatments!Q3:Q135)/100,"0.0%") -> 41.6%

Sheet Treatment Selector
A1: TREATMENT SELECTOR
B3: INPUTS
B4: Area Type | C4: Any
B5: Location | C5: Any
B6: Traffic Control | C6: Any
B7: Primary Crash Type | C7: Lane Departure
B8: AADT (optional)
B9: Through Lanes (optional)
B10: Speed Limit (optional)
B11: Roadway Type (optional) | C11: Any
B12: Severity focus (optional) | C12: Any
B14: RECOMMENDED TREATMENTS
B15: Rank | C15: Treatment | D15: Countermeasure | E15: Exp. reduction (CRF) | F15: CMF | G15: Star | H15: What it covers | I15: Read this before you use it | J15: Fit score | K15: Source
B16: =IF(AND(M16>0,N16>0),1,"") -> 1 | C16: =IF(AND(M16>0,N16>0),INDEX($B$35:$B$167,N16),"") -> Install Median Barrier | D16: =IF(AND(M16>0,N16>0),INDEX($C$35:$C$167,N16),"") -> CM: Median Barriers | E16: =IF(AND(M16>0,N16>0),TEXT(INDEX($D$35:$D$167,N16)/100,"0.0%"),"") -> 97.0% | F16: =IF(AND(M16>0,N16>0),INDEX($E$35:$E$167,N16),"") -> 0.03 | G16: =IF(AND(M16>0,N16>0),IF(INDEX($F$35:$F$167,N16)<=0,"NR",INDEX($F$35:$F$167,N16)),"") -> 3 | H16: =IF(AND(M16>0,N16>0),INDEX($Z$35:$Z$167,N16),"") -> All crashes / Only: Cross median | I16: =IF(AND(M16>0,N16>0),INDEX($AA$35:$AA$167,N16),"") -> #REF! | J16: =IF(AND(M16>0,N16>0),INDEX($R$35:$R$167,N16),"") -> 97 | K16: =IF(AND(M16>0,N16>0),INDEX($T$35:$T$167,N16),"") -> Original | M16: =LARGE($S$35:$S$167,1) -> 9798.447 | N16: =IFERROR(MATCH(M16,$S$35:$S$167,0),0) -> 53
B17: =IF(AND(M17>0,N17>0),2,"") -> 2 | C17: =IF(AND(M17>0,N17>0),INDEX($B$35:$B$167,N17),"") -> Install A Combination Of Chevron Signs, Curve Warning Signs, And/Or Sequential Flashing Beacons | D17: =IF(AND(M17>0,N17>0),INDEX($C$35:$C$167,N17),"") -> CM: Enhanced Delineation for Horizontal Curves | E17: =IF(AND(M17>0,N17>0),TEXT(INDEX($D$35:$D$167,N17)/100,"0.0%"),"") -> 79.0% | F17: =IF(AND(M17>0,N17>0),INDEX($E$35:$E$167,N17),"") -> 0.21 | G17: =IF(AND(M17>0,N17>0),IF(INDEX($F$35:$F$167,N17)<=0,"NR",INDEX($F$35:$F$167,N17)),"") -> 4 | H17: =IF(AND(M17>0,N17>0),INDEX($Z$35:$Z$167,N17),"") -> All crashes / Only: Nighttime | I17: =IF(AND(M17>0,N17>0),INDEX($AA$35:$AA$167,N17),"") -> #REF! | J17: =IF(AND(M17>0,N17>0),INDEX($R$35:$R$167,N17),"") -> 97 | K17: =IF(AND(M17>0,N17>0),INDEX($T$35:$T$167,N17),"") -> Added | M17: =LARGE($S$35:$S$167,2) -> 9780.958 | N17: =IFERROR(MATCH(M17,$S$35:$S$167,0),0) -> 42
B18: =IF(AND(M18>0,N18>0),3,"") -> 3 | C18: =IF(AND(M18>0,N18>0),INDEX($B$35:$B$167,N18),"") -> Improve Pavement Friction (Chip Seal) | D18: =IF(AND(M18>0,N18>0),INDEX($C$35:$C$167,N18),"") -> CM: Pavement Friction Management | E18: =IF(AND(M18>0,N18>0),TEXT(INDEX($D$35:$D$167,N18)/100,"0.0%"),"") -> 77.8% | F18: =IF(AND(M18>0,N18>0),INDEX($E$35:$E$167,N18),"") -> 0.222 | G18: =IF(AND(M18>0,N18>0),IF(INDEX($F$35:$F$167,N18)<=0,"NR",INDEX($F$35:$F$167,N18)),"") -> 4 | H18: =IF(AND(M18>0,N18>0),INDEX($Z$35:$Z$167,N18),"") -> All crashes / Only: Run off road,Wet road | I18: =IF(AND(M18>0,N18>0),INDEX($AA$35:$AA$167,N18),"") -> #REF! | J18: =IF(AND(M18>0,N18>0),INDEX($R$35:$R$167,N18),"") -> 97 | K18: =IF(AND(M18>0,N18>0),INDEX($T$35:$T$167,N18),"") -> Added | M18: =LARGE($S$35:$S$167,3) -> 9779.672 | N18: =IFERROR(MATCH(M18,$S$35:$S$167,0),0) -> 128
B19: =IF(AND(M19>0,N19>0),4,"") -> 4 | C19: =IF(AND(M19>0,N19>0),INDEX($B$35:$B$167,N19),"") -> Install Chevron Signs, Curve Warning Signs, And Sequential Flashing Beacons | D19: =IF(AND(M19>0,N19>0),INDEX($C$35:$C$167,N19),"") -> CM: Enhanced Delineation for Horizontal Curves | E19: =IF(AND(M19>0,N19>0),TEXT(INDEX($D$35:$D$167,N19)/100,"0.0%"),"") -> 76.9% | F19: =IF(AND(M19>0,N19>0),INDEX($E$35:$E$167,N19),"") -> 0.231 | G19: =IF(AND(M19>0,N19>0),IF(INDEX($F$35:$F$167,N19)<=0,"NR",INDEX($F$35:$F$167,N19)),"") -> 4 | H19: =IF(AND(M19>0,N19>0),INDEX($Z$35:$Z$167,N19),"") -> All crashes / Only: Nighttime | I19: =IF(AND(M19>0,N19>0),INDEX($AA$35:$AA$167,N19),"") -> #REF! | J19: =IF(AND(M19>0,N19>0),INDEX($R$35:$R$167,N19),"") -> 97 | K19: =IF(AND(M19>0,N19>0),INDEX($T$35:$T$167,N19),"") -> Added | M19: =LARGE($S$35:$S$167,4) -> 9778.857 | N19: =IFERROR(MATCH(M19,$S$35:$S$167,0),0) -> 43
B20: =IF(AND(M20>0,N20>0),5,"") -> 5 | C20: =IF(AND(M20>0,N20>0),INDEX($B$35:$B$167,N20),"") -> Improve Pavement Friction (OGFC-Open Graded Friction Course) | D20: =IF(AND(M20>0,N20>0),INDEX($C$35:$C$167,N20),"") -> CM: Pavement Friction Management | E20: =IF(AND(M20>0,N20>0),TEXT(INDEX($D$35:$D$167,N20)/100,"0.0%"),"") -> 69.4% | F20: =IF(AND(M20>0,N20>0),INDEX($E$35:$E$167,N20),"") -> 0.306 | G20: =IF(AND(M20>0,N20>0),IF(INDEX($F$35:$F$167,N20)<=0,"NR",INDEX($F$35:$F$167,N20)),"") -> 4 | H20: =IF(AND(M20>0,N20>0),INDEX($Z$35:$Z$167,N20),"") -> All crashes / Only: Run off road,Wet road | I20: =IF(AND(M20>0,N20>0),INDEX($AA$35:$AA$167,N20),"") -> #REF! | J20: =IF(AND(M20>0,N20>0),INDEX($R$35:$R$167,N20),"") -> 97 | K20: =IF(AND(M20>0,N20>0),INDEX($T$35:$T$167,N20),"") -> Added | M20: =LARGE($S$35:$S$167,5) -> 9771.271 | N20: =IFERROR(MATCH(M20,$S$35:$S$167,0),0) -> 129
B21: =IF(AND(M21>0,N21>0),6,"") -> 6 | C21: =IF(AND(M21>0,N21>0),INDEX($B$35:$B$167,N21),"") -> Improve Pavement Friction (UTBWC-Ultra Thin Bonded Wearing Course) | D21: =IF(AND(M21>0,N21>0),INDEX($C$35:$C$167,N21),"") -> CM: Pavement Friction Management | E21: =IF(AND(M21>0,N21>0),TEXT(INDEX($D$35:$D$167,N21)/100,"0.0%"),"") -> 67.0% | F21: =IF(AND(M21>0,N21>0),INDEX($E$35:$E$167,N21),"") -> 0.33 | G21: =IF(AND(M21>0,N21>0),IF(INDEX($F$35:$F$167,N21)<=0,"NR",INDEX($F$35:$F$167,N21)),"") -> 4 | H21: =IF(AND(M21>0,N21>0),INDEX($Z$35:$Z$167,N21),"") -> All crashes / Only: Wet road | I21: =IF(AND(M21>0,N21>0),INDEX($AA$35:$AA$167,N21),"") -> #REF! | J21: =IF(AND(M21>0,N21>0),INDEX($R$35:$R$167,N21),"") -> 97 | K21: =IF(AND(M21>0,N21>0),INDEX($T$35:$T$167,N21),"") -> Added | M21: =LARGE($S$35:$S$167,6) -> 9768.87 | N21: =IFERROR(MATCH(M21,$S$35:$S$167,0),0) -> 130
B22: =IF(AND(M22>0,N22>0),7,"") -> 7 | C22: =IF(AND(M22>0,N22>0),INDEX($B$35:$B$167,N22),"") -> Install High Friction Surface Treatment (Hfst) | D22: =IF(AND(M22>0,N22>0),INDEX($C$35:$C$167,N22),"") -> CM: Pavement Friction Management | E22: =IF(AND(M22>0,N22>0),TEXT(INDEX($D$35:$D$167,N22)/100,"0.0%"),"") -> 63.5% | F22: =IF(AND(M22>0,N22>0),INDEX($E$35:$E$167,N22),"") -> 0.365 | G22: =IF(AND(M22>0,N22>0),IF(INDEX($F$35:$F$167,N22)<=0,"NR",INDEX($F$35:$F$167,N22)),"") -> 4 | H22: =IF(AND(M22>0,N22>0),INDEX($Z$35:$Z$167,N22),"") -> Fatal & injury only / All crash types | I22: =IF(AND(M22>0,N22>0),INDEX($AA$35:$AA$167,N22),"") -> #REF! | J22: =IF(AND(M22>0,N22>0),INDEX($R$35:$R$167,N22),"") -> 97 | K22: =IF(AND(M22>0,N22>0),INDEX($T$35:$T$167,N22),"") -> Original | M22: =LARGE($S$35:$S$167,7) -> 9765.374 | N22: =IFERROR(MATCH(M22,$S$35:$S$167,0),0) -> 126
B23: =IF(AND(M23>0,N23>0),8,"") -> 8 | C23: =IF(AND(M23>0,N23>0),INDEX($B$35:$B$167,N23),"") -> Install Sinusoidal Rumble Strip | D23: =IF(AND(M23>0,N23>0),INDEX($C$35:$C$167,N23),"") -> CM: Centerline Rumble Strips (Two-Lane Roads) | E23: =IF(AND(M23>0,N23>0),TEXT(INDEX($D$35:$D$167,N23)/100,"0.0%"),"") -> 57.0% | F23: =IF(AND(M23>0,N23>0),INDEX($E$35:$E$167,N23),"") -> 0.43 | G23: =IF(AND(M23>0,N23>0),IF(INDEX($F$35:$F$167,N23)<=0,"NR",INDEX($F$35:$F$167,N23)),"") -> 5 | H23: =IF(AND(M23>0,N23>0),INDEX($Z$35:$Z$167,N23),"") -> All crashes / Only: Other | I23: =IF(AND(M23>0,N23>0),INDEX($AA$35:$AA$167,N23),"") -> #REF! | J23: =IF(AND(M23>0,N23>0),INDEX($R$35:$R$167,N23),"") -> 97 | K23: =IF(AND(M23>0,N23>0),INDEX($T$35:$T$167,N23),"") -> Added | M23: =LARGE($S$35:$S$167,8) -> 9759.453 | N23: =IFERROR(MATCH(M23,$S$35:$S$167,0),0) -> 47
B24: =IF(AND(M24>0,N24>0),9,"") -> 9 | C24: =IF(AND(M24>0,N24>0),INDEX($B$35:$B$167,N24),"") -> Improve Pavement Friction (Microsurfacing) | D24: =IF(AND(M24>0,N24>0),INDEX($C$35:$C$167,N24),"") -> CM: Pavement Friction Management | E24: =IF(AND(M24>0,N24>0),TEXT(INDEX($D$35:$D$167,N24)/100,"0.0%"),"") -> 56.0% | F24: =IF(AND(M24>0,N24>0),INDEX($E$35:$E$167,N24),"") -> 0.44 | G24: =IF(AND(M24>0,N24>0),IF(INDEX($F$35:$F$167,N24)<=0,"NR",INDEX($F$35:$F$167,N24)),"") -> 4 | H24: =IF(AND(M24>0,N24>0),INDEX($Z$35:$Z$167,N24),"") -> All crashes / Only: Run off road | I24: =IF(AND(M24>0,N24>0),INDEX($AA$35:$AA$167,N24),"") -> #REF! | J24: =IF(AND(M24>0,N24>0),INDEX($R$35:$R$167,N24),"") -> 97 | K24: =IF(AND(M24>0,N24>0),INDEX($T$35:$T$167,N24),"") -> Added | M24: =LARGE($S$35:$S$167,9) -> 9757.869 | N24: =IFERROR(MATCH(M24,$S$35:$S$167,0),0) -> 131
B25: =IF(AND(M25>0,N25>0),10,"") -> 10 | C25: =IF(AND(M25>0,N25>0),INDEX($B$35:$B$167,N25),"") -> Install Cable Median Barrier (High Tension) | D25: =IF(AND(M25>0,N25>0),INDEX($C$35:$C$167,N25),"") -> CM: Median Barriers | E25: =IF(AND(M25>0,N25>0),TEXT(INDEX($D$35:$D$167,N25)/100,"0.0%"),"") -> 53.0% | F25: =IF(AND(M25>0,N25>0),INDEX($E$35:$E$167,N25),"") -> 0.47 | G25: =IF(AND(M25>0,N25>0),IF(INDEX($F$35:$F$167,N25)<=0,"NR",INDEX($F$35:$F$167,N25)),"") -> 4 | H25: =IF(AND(M25>0,N25>0),INDEX($Z$35:$Z$167,N25),"") -> Fatal & injury only / Only: Other | I25: =IF(AND(M25>0,N25>0),INDEX($AA$35:$AA$167,N25),"") -> #REF! | J25: =IF(AND(M25>0,N25>0),INDEX($R$35:$R$167,N25),"") -> 97 | K25: =IF(AND(M25>0,N25>0),INDEX($T$35:$T$167,N25),"") -> Added | M25: =LARGE($S$35:$S$167,10) -> 9754.946 | N25: =IFERROR(MATCH(M25,$S$35:$S$167,0),0) -> 54
B26: =IF(AND(M26>0,N26>0),11,"") -> 11 | C26: =IF(AND(M26>0,N26>0),INDEX($B$35:$B$167,N26),"") -> Improve Pavement Friction (Diamond Grinding) | D26: =IF(AND(M26>0,N26>0),INDEX($C$35:$C$167,N26),"") -> CM: Pavement Friction Management | E26: =IF(AND(M26>0,N26>0),TEXT(INDEX($D$35:$D$167,N26)/100,"0.0%"),"") -> 52.0% | F26: =IF(AND(M26>0,N26>0),INDEX($E$35:$E$167,N26),"") -> 0.48 | G26: =IF(AND(M26>0,N26>0),IF(INDEX($F$35:$F$167,N26)<=0,"NR",INDEX($F$35:$F$167,N26)),"") -> 4 | H26: =IF(AND(M26>0,N26>0),INDEX($Z$35:$Z$167,N26),"") -> All crashes / Only: Wet road | I26: =IF(AND(M26>0,N26>0),INDEX($AA$35:$AA$167,N26),"") -> #REF! | J26: =IF(AND(M26>0,N26>0),INDEX($R$35:$R$167,N26),"") -> 97 | K26: =IF(AND(M26>0,N26>0),INDEX($T$35:$T$167,N26),"") -> Added | M26: =LARGE($S$35:$S$167,11) -> 9753.868 | N26: =IFERROR(MATCH(M26,$S$35:$S$167,0),0) -> 132
B27: =IF(AND(M27>0,N27>0),12,"") -> 12 | C27: =IF(AND(M27>0,N27>0),INDEX($B$35:$B$167,N27),"") -> Install Centerline Rumble Strips | D27: =IF(AND(M27>0,N27>0),INDEX($C$35:$C$167,N27),"") -> CM: Centerline Rumble Strips (Two-Lane Roads) | E27: =IF(AND(M27>0,N27>0),TEXT(INDEX($D$35:$D$167,N27)/100,"0.0%"),"") -> 49.0% | F27: =IF(AND(M27>0,N27>0),INDEX($E$35:$E$167,N27),"") -> 0.51 | G27: =IF(AND(M27>0,N27>0),IF(INDEX($F$35:$F$167,N27)<=0,"NR",INDEX($F$35:$F$167,N27)),"") -> 5 | H27: =IF(AND(M27>0,N27>0),INDEX($Z$35:$Z$167,N27),"") -> All crashes / Only: Head on,Sideswipe | I27: =IF(AND(M27>0,N27>0),INDEX($AA$35:$AA$167,N27),"") -> #REF! | J27: =IF(AND(M27>0,N27>0),INDEX($R$35:$R$167,N27),"") -> 97 | K27: =IF(AND(M27>0,N27>0),INDEX($T$35:$T$167,N27),"") -> Added | M27: =LARGE($S$35:$S$167,12) -> 9751.452 | N27: =IFERROR(MATCH(M27,$S$35:$S$167,0),0) -> 48
B28: =IF(AND(M28>0,N28>0),13,"") -> 13 | C28: =IF(AND(M28>0,N28>0),INDEX($B$35:$B$167,N28),"") -> Install Centerline Rumble Strips On Tangent Sections | D28: =IF(AND(M28>0,N28>0),INDEX($C$35:$C$167,N28),"") -> CM: Centerline Rumble Strips (Two-Lane Roads) | E28: =IF(AND(M28>0,N28>0),TEXT(INDEX($D$35:$D$167,N28)/100,"0.0%"),"") -> 49.0% | F28: =IF(AND(M28>0,N28>0),INDEX($E$35:$E$167,N28),"") -> 0.51 | G28: =IF(AND(M28>0,N28>0),IF(INDEX($F$35:$F$167,N28)<=0,"NR",INDEX($F$35:$F$167,N28)),"") -> 5 | H28: =IF(AND(M28>0,N28>0),INDEX($Z$35:$Z$167,N28),"") -> All crashes / Only: Head on,Sideswipe | I28: =IF(AND(M28>0,N28>0),INDEX($AA$35:$AA$167,N28),"") -> #REF! | J28: =IF(AND(M28>0,N28>0),INDEX($R$35:$R$167,N28),"") -> 97 | K28: =IF(AND(M28>0,N28>0),INDEX($T$35:$T$167,N28),"") -> Added | M28: =LARGE($S$35:$S$167,13) -> 9751.451 | N28: =IFERROR(MATCH(M28,$S$35:$S$167,0),0) -> 49
B29: =IF(AND(M29>0,N29>0),14,"") -> 14 | C29: =IF(AND(M29>0,N29>0),INDEX($B$35:$B$167,N29),"") -> Install Centerline Rumble Strips On Horizontal Curves | D29: =IF(AND(M29>0,N29>0),INDEX($C$35:$C$167,N29),"") -> CM: Centerline Rumble Strips (Two-Lane Roads) | E29: =IF(AND(M29>0,N29>0),TEXT(INDEX($D$35:$D$167,N29)/100,"0.0%"),"") -> 47.0% | F29: =IF(AND(M29>0,N29>0),INDEX($E$35:$E$167,N29),"") -> 0.53 | G29: =IF(AND(M29>0,N29>0),IF(INDEX($F$35:$F$167,N29)<=0,"NR",INDEX($F$35:$F$167,N29)),"") -> 5 | H29: =IF(AND(M29>0,N29>0),INDEX($Z$35:$Z$167,N29),"") -> All crashes / Only: Head on,Sideswipe | I29: =IF(AND(M29>0,N29>0),INDEX($AA$35:$AA$167,N29),"") -> #REF! | J29: =IF(AND(M29>0,N29>0),INDEX($R$35:$R$167,N29),"") -> 97 | K29: =IF(AND(M29>0,N29>0),INDEX($T$35:$T$167,N29),"") -> Added | M29: =LARGE($S$35:$S$167,14) -> 9749.45 | N29: =IFERROR(MATCH(M29,$S$35:$S$167,0),0) -> 50
B30: =IF(AND(M30>0,N30>0),15,"") -> 15 | C30: =IF(AND(M30>0,N30>0),INDEX($B$35:$B$167,N30),"") -> Install W-Beam Guardrail | D30: =IF(AND(M30>0,N30>0),INDEX($C$35:$C$167,N30),"") -> CM: Roadside Barriers (Guardrail) | E30: =IF(AND(M30>0,N30>0),TEXT(INDEX($D$35:$D$167,N30)/100,"0.0%"),"") -> 47.0% | F30: =IF(AND(M30>0,N30>0),INDEX($E$35:$E$167,N30),"") -> 0.53 | G30: =IF(AND(M30>0,N30>0),IF(INDEX($F$35:$F$167,N30)<=0,"NR",INDEX($F$35:$F$167,N30)),"") -> 4 | H30: =IF(AND(M30>0,N30>0),INDEX($Z$35:$Z$167,N30),"") -> Fatal & injury only / Only: Nighttime,Run off road | I30: =IF(AND(M30>0,N30>0),INDEX($AA$35:$AA$167,N30),"") -> #REF! | J30: =IF(AND(M30>0,N30>0),INDEX($R$35:$R$167,N30),"") -> 97 | K30: =IF(AND(M30>0,N30>0),INDEX($T$35:$T$167,N30),"") -> Added | M30: =LARGE($S$35:$S$167,15) -> 9748.942 | N30: =IFERROR(MATCH(M30,$S$35:$S$167,0),0) -> 58
B33: v engine (hidden) v
A34: idx | B34: Treatment | C34: CM | D34: CRF | E34: CMF | F34: Star | G34: AADTmin | H34: AADTmax | I34: Area | J34: Loc | K34: Control | L34: Tags | M34: crashSc | N34: areaSc | O34: locSc | P34: ctrlSc | Q34: aadtSc | R34: Fit | S34: Priority | T34: Source | U34: RoadCls | V34: roadSc | W34: Use | X34: SevScope | Y34: sevSc | Z34: Scope text | AA34: Caution
A35: 1 | B35: =Treatments!A3 -> Install Automated Section Speed Enforcement System | C35: =Treatments!B3 -> CM: Appropriate Speed Limits for All Road Users | D35: =Treatments!Q3 -> 36.8 | E35: =Treatments!P3 -> 0.632 | F35: =IF(ISNUMBER(Treatments!N3),Treatments!N3,0) -> 5 | G35: =IF(ISNUMBER(Treatments!U3),Treatments!U3,"") | H35: =IF(ISNUMBER(Treatments!V3),Treatments!V3,"") | I35: Urban | J35: Roadway Segment | K35: Any | L35: |All|Speeding| | M35: =IF(ISNUMBER(SEARCH("|"&$C$7&"|",L35)),45,IF(ISNUMBER(SEARCH("|All|",L35)),18,0)) -> 18 | N35: =IF(OR($C$4="Any",I35="All"),12,IF(ISNUMBER(SEARCH($C$4,I35)),12,0)) -> 12 | O35: =IF(OR($C$5="Any",J35="Any",J35=$C$5),13,0) -> 13 | P35: =IF(OR($C$6="Any",K35="Any",K35=$C$6),10,0) -> 10 | Q35: =IF($C$8="",4,IF(AND(ISNUMBER(G35),ISNUMBER(H35)),IF(AND($C$8>=G35,$C$8<=H35),7,0),4)) -> 4 | R35: =M35+N35+O35+P35+Q35+V35+Y35 -> 70 | S35: =IF(OR(M35=0,W35=0),-A35,R35*100+D35+F35*0.5-A35*0.001) -> 7039.299 | T35: =Treatments!M3 -> Original | U35: Freeway/Expressway | V35: =IF(OR($C$11="Any",U35="Any",U35=$C$11),8,0) -> 8 | W35: =IF(LEFT(Treatments!AD3,3)="Yes",1,0) -> 1 | X35: =Treatments!AE3 -> Fatal & injury only | Y35: =IF($C$12="Any",5,IF($C$12=X35,5,IF(AND($C$12="Fatal & injury only",X35="All crashes"),3,0))) -> 5 | Z35: =Treatments!AE3&" / "&Treatments!AF3 -> Fatal & injury only / All crash types | AA35: =IF(Treatments!#REF!="","",Treatments!#REF!) -> #REF!
A36: 2 | B36: =Treatments!A4 -> Implement Automated Speed Enforcement Cameras | C36: =Treatments!B4 -> CM: Appropriate Speed Limits for All Road Users | D36: =Treatments!Q4 -> 54 | E36: =Treatments!P4 -> 0.46 | F36: =IF(ISNUMBER(Treatments!N4),Treatments!N4,0) -> 4 | G36: =IF(ISNUMBER(Treatments!U4),Treatments!U4,"") | H36: =IF(ISNUMBER(Treatments!V4),Treatments!V4,"") | I36: Urban | J36: Roadway Segment | K36: Any | L36: |All|Speeding| | M36: =IF(ISNUMBER(SEARCH("|"&$C$7&"|",L36)),45,IF(ISNUMBER(SEARCH("|All|",L36)),18,0)) -> 18 | N36: =IF(OR($C$4="Any",I36="All"),12,IF(ISNUMBER(SEARCH($C$4,I36)),12,0)) -> 12 | O36: =IF(OR($C$5="Any",J36="Any",J36=$C$5),13,0) -> 13 | P36: =IF(OR($C$6="Any",K36="Any",K36=$C$6),10,0) -> 10 | Q36: =IF($C$8="",4,IF(AND(ISNUMBER(G36),ISNUMBER(H36)),IF(AND($C$8>=G36,$C$8<=H36),7,0),4)) -> 4 | R36: =M36+N36+O36+P36+Q36+V36+Y36 -> 70 | S36: =IF(OR(M36=0,W36=0),-A36,R36*100+D36+F36*0.5-A36*0.001) -> 7055.998 | T36: =Treatments!M4 -> Original | U36: Arterial/Collector | V36: =IF(OR($C$11="Any",U36="Any",U36=$C$11),8,0) -> 8 | W36: =IF(LEFT(Treatments!AD4,3)="Yes",1,0) -> 1 | X36: =Treatments!AE4 -> All crashes | Y36: =IF($C$12="Any",5,IF($C$12=X36,5,IF(AND($C$12="Fatal & injury only",X36="All crashes"),3,0))) -> 5 | Z36: =Treatments!AE4&" / "&Treatments!AF4 -> All crashes / All crash types | AA36: =IF(Treatments!#REF!="","",Treatments!#REF!) -> #REF!
A37: 3 | B37: =Treatments!A5 -> Install Variable Speed Limit (Vsl) | C37: =Treatments!B5 -> CM: Appropriate Speed Limits for All Road Users | D37: =Treatments!Q5 -> 34 | E37: =Treatments!P5 -> 0.66 | F37: =IF(ISNUMBER(Treatments!N5),Treatments!N5,0) -> 3 | G37: =IF(ISNUMBER(Treatments!U5),Treatments!U5,"") -> 10194 | H37: =IF(ISNUMBER(Treatments!V5),Treatments!V5,"") -> 11090 | I37: All | J37: Roadway Segment | K37: Any | L37: |All|Speeding| | M37: =IF(ISNUMBER(SEARCH("|"&$C$7&"|",L37)),45,IF(ISNUMBER(SEARCH("|All|",L37)),18,0)) -> 18 | N37: =IF(OR($C$4="Any",I37="All"),12,IF(ISNUMBER(SEARCH($C$4,I37)),12,0)) -> 12 | O37: =IF(OR($C$5="Any",J37="Any",J37=$C$5),13,0) -> 13 | P37: =IF(OR($C$6="Any",K37="Any",K37=$C$6),10,0) -> 10 | Q37: =IF($C$8="",4,IF(AND(ISNUMBER(G37),ISNUMBER(H37)),IF(AND($C$8>=G37,$C$8<=H37),7,0),4)) -> 4 | R37: =M37+N37+O37+P37+Q37+V37+Y37 -> 70 | S37: =IF(OR(M37=0,W37=0),-A37,R37*100+D37+F37*0.5-A37*0.001) -> 7035.497 | T37: =Treatments!M5 -> Original | U37: Freeway/Expressway | V37: =IF(OR($C$11="Any",U37="Any",U37=$C$11),8,0) -> 8 | W37: =IF(LEFT(Treatments!AD5,3)="Yes",1,0) -> 1 | X37: =Treatments!AE5 -> All crashes | Y37: =IF($C$12="Any",5,IF($C$12=X37,5,IF(AND($C$12="Fatal & injury only",X37="All crashes"),3,0))) -> 5 | Z37: =Treatments!AE5&" / "&Treatments!AF5 -> All crashes / All crash types | AA37: =IF(Treatments!#REF!="","",Treatments!#REF!) -> #REF!
A38: 4 | B38: =Treatments!A6 -> Install Variable Speed Limit | C38: =Treatments!B6 -> CM: Appropriate Speed Limits for All Road Users | D38: =Treatments!Q6 -> 13.9 | E38: =Treatments!P6 -> 0.861 | F38: =IF(ISNUMBER(Treatments!N6),Treatments!N6,0) -> 4 | G38: =IF(ISNUMBER(Treatments!U6),Treatments!U6,"") -> 53729 | H38: =IF(ISNUMBER(Treatments!V6),Treatments!V6,"") -> 282619 | I38: All | J38: Roadway Segment | K38: Any | L38: |All|Speeding| | M38: =IF(ISNUMBER(SEARCH("|"&$C$7&"|",L38)),45,IF(ISNUMBER(SEARCH("|All|",L38)),18,0)) -> 18 | N38: =IF(OR($C$4="Any",I38="All"),12,IF(ISNUMBER(SEARCH($C$4,I38)),12,0)) -> 12 | O38: =IF(OR($C$5="Any",J38="Any",J38=$C$5),13,0) -> 13 | P38: =IF(OR($C$6="Any",K38="Any",K38=$C$6),10,0) -> 10 | Q38: =IF($C$8="",4,IF(AND(ISNUMBER(G38),ISNUMBER(H38)),IF(AND($C$8>=G38,$C$8<=H38),7,0),4)) -> 4 | R38: =M38+N38+O38+P38+Q38+V38+Y38 -> 70 | S38: =IF(OR(M38=0,W38=0),-A38,R38*100+D38+F38*0.5-A38*0.001) -> 7015.896 | T38: =Treatments!M6 -> Added | U38: Freeway/Expressway | V38: =IF(OR($C$11="Any",U38="Any",U38=$C$11),8,0) -> 8 | W38: =IF(LEFT(Treatments!AD6,3)="Yes",1,0) -> 1 | X38: =Treatments!AE6 -> Fatal & injury only | Y38: =IF($C$12="Any",5,IF($C$12=X38,5,IF(AND($C$12="Fatal & injury only",X38="All crashes"),3,0))) -> 5 | Z38: =Treatments!AE6&" / "&Treatments!AF6 -> Fatal & injury only / All crash types | AA38: =IF(Treatments!#REF!="","",Treatments!#REF!) -> #REF!
A39: 5 | B39: =Treatments!A7 -> Install Dynamic Speed Feedback Sign | C39: =Treatments!B7 -> CM: Appropriate Speed Limits for All Road Users | D39: =Treatments!Q7 -> 7 | E39: =Treatments!P7 -> 0.93 | F39: =IF(ISNUMBER(Treatments!N7),Treatments!N7,0) -> 4 | G39: =IF(ISNUMBER(Treatments!U7),Treatments!U7,"") -> 400 | H39: =IF(ISNUMBER(Treatments!V7),Treatments!V7,"") -> 8400 | I39: Rural | J39: Roadway Segment | K39: Any | L39: |All|Speeding| | M39: =IF(ISNUMBER(SEARCH("|"&$C$7&"|",L39)),45,IF(ISNUMBER(SEARCH("|All|",L39)),18,0)) -> 18 | N39: =IF(OR($C$4="Any",I39="All"),12,IF(ISNUMBER(SEARCH($C$4,I39)),12,0)) -> 12 | O39: =IF(OR($C$5="Any",J39="Any",J39=$C$5),13,0) -> 13 | P39: =IF(OR($C$6="Any",K39="Any",K39=$C$6),10,0) -> 10 | Q39: =IF($C$8="",4,IF(AND(ISNUMBER(G39),ISNUMBER(H39)),IF(AND($C$8>=G39,$C$8<=H39),7,0),4)) -> 4 | R39: =M39+N39+O39+P39+Q39+V39+Y39 -> 70 | S39: =IF(OR(M39=0,W39=0),-A39,R39*100+D39+F39*0.5-A39*0.001) -> 7008.995 | T39: =Treatments!M7 -> Added | U39: Any | V39: =IF(OR($C$11="Any",U39="Any",U39=$C$11),8,0) -> 8 | W39: =IF(LEFT(Treatments!AD7,3)="Yes",1,0) -> 1 | X39: =Treatments!AE7 -> All crashes | Y39: =IF($C$12="Any",5,IF($C$12=X39,5,IF(AND($C$12="Fatal & injury only",X39="All crashes"),3,0))) -> 5 | Z39: =Treatments!AE7&" / "&Treatments!AF7 -> All crashes / All crash types | AA39: =IF(Treatments!#REF!="","",Treatments!#REF!) -> #REF!
A40: 6 | B40: =Treatments!A8 -> Install Automated Section Speed Enforcement System | C40: =Treatments!B8 -> CM: Appropriate Speed Limits for All Road Users | D40: =Treatments!Q8 -> 43.7 | E40: =Treatments!P8 -> 0.563 | F40: =IF(ISNUMBER(Treatments!N8),Treatments!N8,0) -> 5 | G40: =IF(ISNUMBER(Treatments!U8),Treatments!U8,"") | H40: =IF(ISNUMBER(Treatments!V8),Treatments!V8,"") | I40: Urban | J40: Roadway Segment | K40: Any | L40: |Speeding| | M40: =IF(ISNUMBER(SEARCH("|"&$C$7&"|",L40)),45,IF(ISNUMBER(SEARCH("|All|",L40)),18,0)) -> 0 | N40: =IF(OR($C$4="Any",I40="All"),12,IF(ISNUMBER(SEARCH($C$4,I40)),12,0)) -> 12 | O40: =IF(OR($C$5="Any",J40="Any",J40=$C$5),13,0) -> 13 | P40: =IF(OR($C$6="Any",K40="Any",K40=$C$6),10,0) -> 10 | Q40: =IF($C$8="",4,IF(AND(ISNUMBER(G40),ISNUMBER(H40)),IF(AND($C$8>=G40,$C$8<=H40),7,0),4)) -> 4 | R40: =M40+N40+O40+P40+Q40+V40+Y40 -> 52 | S40: =IF(OR(M40=0,W40=0),-A40,R40*100+D40+F40*0.5-A40*0.001) -> -6 | T40: =Treatments!M8 -> Added | U40: Freeway/Expressway | V40: =IF(OR($C$11="Any",U40="Any",U40=$C$11),8,0) -> 8 | W40: =IF(LEFT(Treatments!AD8,3)="Yes",1,0) -> 1 | X40: =Treatments!AE8 -> All crashes | Y40: =IF($C$12="Any",5,IF($C$12=X40,5,IF(AND($C$12="Fatal & injury only",X40="All crashes"),3,0))) -> 5 | Z40: =Treatments!AE8&" / "&Treatments!AF8 -> All crashes / Only: Single vehicle | AA40: =IF(Treatments!#REF!="","",Treatments!#REF!) -> #REF!
A41: 7 | B41: =Treatments!A9 -> Implement Mobile Automated Speed Enforcement System | C41: =Treatments!B9 -> CM: Appropriate Speed Limits for All Road Users | D41: =Treatments!Q9 -> 20.1 | E41: =Treatments!P9 -> 0.799 | F41: =IF(ISNUMBER(Treatments!N9),Treatments!N9,0) -> 5 | G41: =IF(ISNUMBER(Treatments!U9),Treatments!U9,"") -> 2079 | H41: =IF(ISNUMBER(Treatments!V9),Treatments!V9,"") -> 22960 | I41: Urban | J41: Roadway Segment | K41: Any | L41: |All|Speeding| | M41: =IF(ISNUMBER(SEARCH("|"&$C$7&"|",L41)),45,IF(ISNUMBER(SEARCH("|All|",L41)),18,0)) -> 18 | N41: =IF(OR($C$4="Any",I41="All"),12,IF(ISNUMBER(SEARCH($C$4,I41)),12,0)) -> 12 | O41: =IF(OR($C$5="Any",J41="Any",J41=$C$5),13,0) -> 13 | P41: =IF(OR($C$6="Any",K41="Any",K41=$C$6),10,0) -> 10 | Q41: =IF($C$8="",4,IF(AND(ISNUMBER(G41),ISNUMBER(H41)),IF(AND($C$8>=G41,$C$8<=H41),7,0),4)) -> 4 | R41: =M41+N41+O41+P41+Q41+V41+Y41 -> 70 | S41: =IF(OR(M41=0,W41=0),-A41,R41*100+D41+F41*0.5-A41*0.001) -> 7022.593 | T41: =Treatments!M9 -> Added | U41: Arterial/Collector | V41: =IF(OR($C$11="Any",U41="Any",U41=$C$11),8,0) -> 8 | W41: =IF(LEFT(Treatments!AD9,3)="Yes",1,0) -> 1 | X41: =Treatments!AE9 -> Fatal & injury only | Y41: =IF($C$12="Any",5,IF($C$12=X41,5,IF(AND($C$12="Fatal & injury only",X41="All crashes"),3,0))) -> 5 | Z41: =Treatments!AE9&" / "&Treatments!AF9 -> Fatal & injury only / All crash types | AA41: =IF(Treatments!#REF!="","",Treatments!#REF!) -> #REF!
A42: 8 | B42: =Treatments!A10 -> Implement Automated Speed Enforcement Cameras | C42: =Treatments!B10 -> CM: Appropriate Speed Limits for All Road Users | D42: =Treatments!Q10 -> 67 | E42: =Treatments!P10 -> 0.33 | F42: =IF(ISNUMBER(Treatments!N10),Treatments!N10,0) -> 4 | G42: =IF(ISNUMBER(Treatments!U10),Treatments!U10,"") | H42: =IF(ISNUMBER(Treatments!V10),Treatments!V10,"") | I42: Urban | J42: Roadway Segment | K42: Any | L42: |Speeding| | M42: =IF(ISNUMBER(SEARCH("|"&$C$7&"|",L42)),45,IF(ISNUMBER(SEARCH("|All|",L42)),18,0)) -> 0 | N42: =IF(OR($C$4="Any",I42="All"),12,IF(ISNUMBER(SEARCH($C$4,I42)),12,0)) -> 12 | O42: =IF(OR($C$5="Any",J42="Any",J42=$C$5),13,0) -> 13 | P42: =IF(OR($C$6="Any",K42="Any",K42=$C$6),10,0) -> 10 | Q42: =IF($C$8="",4,IF(AND(ISNUMBER(G42),ISNUMBER(H42)),IF(AND($C$8>=G42,$C$8<=H42),7,0),4)) -> 4 | R42: =M42+N42+O42+P42+Q42+V42+Y42 -> 52 | S42: =IF(OR(M42=0,W42=0),-A42,R42*100+D42+F42*0.5-A42*0.001) -> -8 | T42: =Treatments!M10 -> Added | U42: Arterial/Collector | V42: =IF(OR($C$11="Any",U42="Any",U42=$C$11),8,0) -> 8 | W42: =IF(LEFT(Treatments!AD10,3)="Yes",1,0) -> 1 | X42: =Treatments!AE10 -> PDO only | Y42: =IF($C$12="Any",5,IF($C$12=X42,5,IF(AND($C$12="Fatal & injury only",X42="All crashes"),3,0))) -> 5 | Z42: =Treatments!AE10&" / "&Treatments!AF10 -> PDO only / Only: Single vehicle | AA42: =IF(Treatments!#REF!="","",Treatments!#REF!) -> #REF!
A43: 9 | B43: =Treatments!A11 -> Install Automated Section Speed Enforcement System On Curves | C43: =Treatments!B11 -> CM: Appropriate Speed Limits for All Road Users | D43: =Treatments!Q11 -> 43 | E43: =Treatments!P11 -> 0.57 | F43: =IF(ISNUMBER(Treatments!N11),Treatments!N11,0) -> 4 | G43: =IF(ISNUMBER(Treatments!U11),Treatments!U11,"") -> 23000 | H43: =IF(ISNUMBER(Treatments!V11),Treatments!V11,"") -> 42000 | I43: All | J43: Roadway Segment | K43: Any | L43: |All|Speeding| | M43: =IF(ISNUMBER(SEARCH("|"&$C$7&"|",L43)),45,IF(ISNUMBER(SEARCH("|All|",L43)),18,0)) -> 18 | N43: =IF(OR($C$4="Any",I43="All"),12,IF(ISNUMBER(SEARCH($C$4,I43)),12,0)) -> 12 | O43: =IF(OR($C$5="Any",J43="Any",J43=$C$5),13,0) -> 13 | P43: =IF(OR($C$6="Any",K43="Any",K43=$C$6),10,0) -> 10 | Q43: =IF($C$8="",4,IF(AND(ISNUMBER(G43),ISNUMBER(H43)),IF(AND($C$8>=G43,$C$8<=H43),7,0),4)) -> 4 | R43: =M43+N43+O43+P43+Q43+V43+Y43 -> 70 | S43: =IF(OR(M43=0,W43=0),-A43,R43*100+D43+F43*0.5-A43*0.001) -> 7044.991 | T43: =Treatments!M11 -> Added | U43: Freeway/Expressway | V43: =IF(OR($C$11="Any",U43="Any",U43=$C$11),8,0) -> 8 | W43: =IF(LEFT(Treatments!AD11,3)="Yes",1,0) -> 1 | X43: =Treatments!AE11 -> All crashes | Y43: =IF($C$12="Any",5,IF($C$12=X43,5,IF(AND($C$12="Fatal & injury only",X43="All crashes"),3,0))) -> 5 | Z43: =Treatments!AE11&" / "&Treatments!AF11 -> All crashes / All crash types | AA43: =IF(Treatments!#REF!="","",Treatments!#REF!) -> #REF!
A44: 10 | B44: =Treatments!A12 -> Convert Traditional Or Flush Buffered Bike Lane To Sbl With Flexi-Posts | C44: =Treatments!B12 -> CM: Bicycle Lanes | D44: =Treatments!Q12 -> 53.2 | E44: =Treatments!P12 -> 0.468 | F44: =IF(ISNUMBER(Treatments!N12),Treatments!N12,0) -> 4 | G44: =IF(ISNUMBER(Treatments!U12),Treatments!U12,"") | H44: =IF(ISNUMBER(Treatments!V12),Treatments!V12,"") | I44: Urban | J44: Roadway Segment | K44: Any | L44: |Bicycle| | M44: =IF(ISNUMBER(SEARCH("|"&$C$7&"|",L44)),45,IF(ISNUMBER(SEARCH("|All|",L44)),18,0)) -> 0 | N44: =IF(OR($C$4="Any",I44="All"),12,IF(ISNUMBER(SEARCH($C$4,I44)),12,0)) -> 12 | O44: =IF(OR($C$5="Any",J44="Any",J44=$C$5),13,0) -> 13 | P44: =IF(OR($C$6="Any",K44="Any",K44=$C$6),10,0) -> 10 | Q44: =IF($C$8="",4,IF(AND(ISNUMBER(G44),ISNUMBER(H44)),IF(AND($C$8>=G44,$C$8<=H44),7,0),4)) -> 4 | R44: =M44+N44+O44+P44+Q44+V44+Y44 -> 52 | S44: =IF(OR(M44=0,W44=0),-A44,R44*100+D44+F44*0.5-A44*0.001) -> -10 | T44: =Treatments!M12 -> Original | U44: Any | V44: =IF(OR($C$11="Any",U44="Any",U44=$C$11),8,0) -> 8 | W44: =IF(LEFT(Treatments!AD12,3)="Yes",1,0) -> 1 | X44: =Treatments!AE12 -> All crashes | Y44: =IF($C$12="Any",5,IF($C$12=X44,5,IF(AND($C$12="Fatal & injury only",X44="All crashes"),3,0))) -> 5 | Z44: =Treatments!AE12&" / "&Treatments!AF12 -> All crashes / Only: Vehicle/bicycle | AA44: =IF(Treatments!#REF!="","",Treatments!#REF!) -> #REF!
A45: 11 | B45: =Treatments!A13 -> Install Bicycle Lanes | C45: =Treatments!B13 -> CM: Bicycle Lanes | D45: =Treatments!Q13 -> 49 | E45: =Treatments!P13 -> 0.51 | F45: =IF(ISNUMBER(Treatments!N13),Treatments!N13,0) -> 4 | G45: =IF(ISNUMBER(Treatments!U13),Treatments!U13,"") -> 10 | H45: =IF(ISNUMBER(Treatments!V13),Treatments!V13,"") -> 92462 | I45: Urban | J45: Roadway Segment | K45: Any | L45: |All|Bicycle| | M45: =IF(ISNUMBER(SEARCH("|"&$C$7&"|",L45)),45,IF(ISNUMBER(SEARCH("|All|",L45)),18,0)) -> 18 | N45: =IF(OR($C$4="Any",I45="All"),12,IF(ISNUMBER(SEARCH($C$4,I45)),12,0)) -> 12 | O45: =IF(OR($C$5="Any",J45="Any",J45=$C$5),13,0) -> 13 | P45: =IF(OR($C$6="Any",K45="Any",K45=$C$6),10,0) -> 10 | Q45: =IF($C$8="",4,IF(AND(ISNUMBER(G45),ISNUMBER(H45)),IF(AND($C$8>=G45,$C$8<=H45),7,0),4)) -> 4 | R45: =M45+N45+O45+P45+Q45+V45+Y45 -> 70 | S45: =IF(OR(M45=0,W45=0),-A45,R45*100+D45+F45*0.5-A45*0.001) -> 7050.989 | T45: =Treatments!M13 -> Original | U45: Any | V45: =IF(OR($C$11="Any",U45="Any",U45=$C$11),8,0) -> 8 | W45: =IF(LEFT(Treatments!AD13,3)="Yes",1,0) -> 1 | X45: =Treatments!AE13 -> All crashes | Y45: =IF($C$12="Any",5,IF($C$12=X45,5,IF(AND($C$12="Fatal & injury only",X45="All crashes"),3,0))) -> 5 | Z45: =Treatments!AE13&" / "&Treatments!AF13 -> All crashes / All crash types | AA45: =IF(Treatments!#REF!="","",Treatments!#REF!) -> #REF!
A46: 12 | B46: =Treatments!A14 -> Install Bicycle Boulevard | C46: =Treatments!B14 -> CM: Bicycle Lanes | D46: =Treatments!Q14 -> 63 | E46: =Treatments!P14 -> 0.37 | F46: =IF(ISNUMBER(Treatments!N14),Treatments!N14,0) -> 4 | G46: =IF(ISNUMBER(Treatments!U14),Treatments!U14,"") | H46: =IF(ISNUMBER(Treatments!V14),Treatments!V14,"") | I46: Urban/Suburban | J46: Roadway Segment | K46: Any | L46: |Bicycle| | M46: =IF(ISNUMBER(SEARCH("|"&$C$7&"|",L46)),45,IF(ISNUMBER(SEARCH("|All|",L46)),18,0)) -> 0 | N46: =IF(OR($C$4="Any",I46="All"),12,IF(ISNUMBER(SEARCH($C$4,I46)),12,0)) -> 12 | O46: =IF(OR($C$5="Any",J46="Any",J46=$C$5),13,0) -> 13 | P46: =IF(OR($C$6="Any",K46="Any",K46=$C$6),10,0) -> 10 | Q46: =IF($C$8="",4,IF(AND(ISNUMBER(G46),ISNUMBER(H46)),IF(AND($C$8>=G46,$C$8<=H46),7,0),4)) -> 4 | R46: =M46+N46+O46+P46+Q46+V46+Y46 -> 52 | S46: =IF(OR(M46=0,W46=0),-A46,R46*100+D46+F46*0.5-A46*0.001) -> -12 | T46: =Treatments!M14 -> Added | U46: Any | V46: =IF(OR($C$11="Any",U46="Any",U46=$C$11),8,0) -> 8 | W46: =IF(LEFT(Treatments!AD14,3)="Yes",1,0) -> 1 | X46: =Treatments!AE14 -> All crashes | Y46: =IF($C$12="Any",5,IF($C$12=X46,5,IF(AND($C$12="Fatal & injury only",X46="All crashes"),3,0))) -> 5 | Z46: =Treatments!AE14&" / "&Treatments!AF14 -> All crashes / Only: Vehicle/bicycle | AA46: =IF(Treatments!#REF!="","",Treatments!#REF!) -> #REF!
... A167: 133 | B167: =Treatments!A135 -> Improve Pavement Friction (Thin HMA-Hot Mix Asphalt) | C167: =Treatments!B135 -> CM: Pavement Friction Management | D167: =Treatments!Q135 -> 46.9 | E167: =Treatments!P135 -> 0.531 | F167: =IF(ISNUMBER(Treatments!N135),Treatments!N135,0) -> 4 | G167: =IF(ISNUMBER(Treatments!U135),Treatments!U135,"") -> 69 | H167: =IF(ISNUMBER(Treatments!V135),Treatments!V135,"") -> 8489 | I167: All | J167: Roadway Segment | K167: Any | L167: |Lane Departure|Roadway Departure|Wet/Friction| | M167: =IF(ISNUMBER(SEARCH("|"&$C$7&"|",L167)),45,IF(ISNUMBER(SEARCH("|All|",L167)),18,0)) -> 45 | N167: =IF(OR($C$4="Any",I167="All"),12,IF(ISNUMBER(SEARCH($C$4,I167)),12,0)) -> 12 | O167: =IF(OR($C$5="Any",J167="Any",J167=$C$5),13,0) -> 13 | P167: =IF(OR($C$6="Any",K167="Any",K167=$C$6),10,0) -> 10 | Q167: =IF($C$8="",4,IF(AND(ISNUMBER(G167),ISNUMBER(H167)),IF(AND($C$8>=G167,$C$8<=H167),7,0),4)) -> 4 | R167: =M167+N167+O167+P167+Q167+V167+Y167 -> 97 | S167: =IF(OR(M167=0,W167=0),-A167,R167*100+D167+F167*0.5-A167*0.001) -> 9748.767 | T167: =Treatments!M135 -> Added | U167: Any | V167: =IF(OR($C$11="Any",U167="Any",U167=$C$11),8,0) -> 8 | W167: =IF(LEFT(Treatments!AD135,3)="Yes",1,0) -> 1 | X167: =Treatments!AE135 -> All crashes | Y167: =IF($C$12="Any",5,IF($C$12=X167,5,IF(AND($C$12="Fatal & injury only",X167="All crashes"),3,0))) -> 5 | Z167: =Treatments!AE135&" / "&Treatments!AF135 -> All crashes / Only: Wet road | AA167: =IF(Treatments!#REF!="","",Treatments!#REF!) -> #REF!

Sheet Countermeasures
A1: COUNTERMEASURES
A2: Area | B2: Countermeasure | C2: Derived filter | D2: Area type | E2: Intersection? | F2: Crash type(s) | G2: Traffic control | H2: Other site conditions | I2: Exclusions | J2: Crash criteria | K2: # Treat.
A3: Speed Management | B3: CM: Appropriate Speed Limits for All Road Users | C3: Speeding Related = Yes | D3: Any | E3: Any | F3: Speeding-related (any crash type) | G3: Any | H3: - | I3: Too Fast for Conditions (3) is NOT used | J3: Speed Related = Racing (1) or Exceeded Speed Limit (2) | K3: =COUNTIF(Treatments!B:B,B3) -> 9
A4: Pedestrian/Bicyclist | B4: CM: Bicycle Lanes | C4: Vulnerable Road User Related = Yes | D4: Any | E4: Any | F4: Bicycle | G4: Any | H4: - | I4: - | J4: Non-Motorist Unit Type = Bicyclist (66) or Other Cyclist (67) or First Harmful Event = Pedalcycle (25) or Unit Type = Motorized Bike (40) | K4: =COUNTIF(Treatments!B:B,B4) -> 8
A5: Pedestrian/Bicyclist | B5: CM: Crosswalk Visibility Enhancements | C5: Pedestrian Related = Yes or Vulnerable Road User Related = Yes and Intersection Related = Yes | D5: Urban / Suburban | E5: Yes | F5: Pedestrian, Bicycle | G5: Any | H5: - | I5: - | J5: ( First Harmful Event = Pedestrian (26) or Pedalcycle (25) or Non-Motorist Unit Type = Bicyclist (66) or Other Cyclist (67) ) and Relation to Junction = Intersection or Related (05) | K5: =COUNTIF(Treatments!B:B,B5) -> 3
A6: Pedestrian/Bicyclist | B6: CM: Leading Pedestrian Interval | C6: Pedestrian Related = Yes and Intersection Related = Yes | D6: Urban / Suburban | E6: Yes | F6: Pedestrian, Bicycle | G6: Signalized | H6: Turning vehicle | I6: - | J6: Relation to Junction = Intersection or Related (05) and Traffic Control Device = Traffic Control Signal (17) and First Harmful Event = Pedestrian (26) or Pedalcycle (25) and VEHICLE Action Prior to Impact = Turning Left (10) or Turning Right (11) | K6: =COUNTIF(Treatments!B:B,B6) -> 2
A7: Pedestrian/Bicyclist | B7: CM: Medians and Pedestrian Refuge Islands in Urban and Suburban Areas | C7: Pedestrian Related = Yes and Intersection Related = No | D7: Urban / Suburban | E7: No (midblock) | F7: Pedestrian | G7: Any | H7: Through Lanes >= 4 | I7: Bicyclists excluded | J7: First Harmful Event = Pedestrian (26) and Relation to Junction = Non-Junction (00) and Through Lanes >= 4 | K7: =COUNTIF(Treatments!B:B,B7) -> 3
A8: Pedestrian/Bicyclist | B8: CM: Pedestrian Hybrid Beacons | C8: Pedestrian Related = Yes and Intersection Related = No | D8: Urban / Suburban | E8: No (midblock) | F8: Pedestrian, Bicycle | G8: Uncontrolled (no signal) | H8: Through Lanes >= 2, Speed Limit >= 35 | I8: - | J8: First Harmful Event = Pedestrian (26) or Pedalcycle (25) and Relation to Junction = Non-Junction (00) and Traffic Control Device is not Traffic Control Signal (17) and Through Lanes >= 2 and Speed Limit >= 35 | K8: =COUNTIF(Treatments!B:B,B8) -> 3
A9: Pedestrian/Bicyclist | B9: CM: Rectangular Rapid Flashing Beacons (RRFB) | C9: Pedestrian Related = Yes and Intersection Related = No | D9: Urban / Suburban | E9: No (midblock) | F9: Pedestrian, Bicycle | G9: Uncontrolled (no signal) | H9: - | I9: - | J9: First Harmful Event = Pedestrian (26) or Pedalcycle (25) and Relation to Junction = Non-Junction (00) and Traffic Control Device is not Traffic Control Signal (17) | K9: =COUNTIF(Treatments!B:B,B9) -> 2
A10: Pedestrian/Bicyclist | B10: CM: Road Diets (Roadway Reconfiguration) | C10: Pedestrian Related = Yes | D10: Urban | E10: Any | F10: Rear-end, Head-on, Angle, Pedestrian, Bicycle | G10: Any | H10: Through Lanes = 4 and Trafficway = Two-Way Not Divided | I10: Urban Interstate and Urban Freeway/Expressway excluded | J10: Through Lanes = 4 and Trafficway = Two-Way, Not Divided and road is Urban (exclude Urban Interstate and Urban Freeway/Expressway) and ( Manner of Collision = Front To Rear (10), Front To Front (20), or Angle (80) or First Harmful Event = Pedestrian (26) or Pedalcycle (25) ) | K10: =COUNTIF(Treatments!B:B,B10) -> 3
A11: Pedestrian/Bicyclist | B11: CM: Walkways | C11: Pedestrian Related = Yes and Intersection Related = No | D11: Urban / Suburban | E11: No (midblock) | F11: Pedestrian | G11: Any | H11: Pedestrian walking along the road | I11: - | J11: First Harmful Event = Pedestrian (26) and Relation to Junction = Non-Junction (00) and NON-MOTORIST Action Prior to Impact = Walking Along Roadway With Traffic (27), Against Traffic (28), or Adjacent to Roadway (31) | K11: =COUNTIF(Treatments!B:B,B11) -> 1
A12: Roadway Departure | B12: CM: Enhanced Delineation for Horizontal Curves | C12: Roadway Departure = Yes | D12: Any | E12: No (segment) | F12: Lane departure (run-off-road + cross-centerline) | G12: Any | H12: Alignment = Curve Left (02) or Curve Right (03), or Vehicle Action Prior to Impact = Negotiating a Curve (07) | I12: Pedestrian, bicycle, animal, obstruction-in-roadway and debris crashes excluded | J12: Relation to Junction = Non-Junction (00) and Alignment = Curve Left (02) or Curve Right (03) [or Vehicle Action Prior to Impact = Negotiating a Curve (07)] and Manner of Collision = Not a Collision with Motor Vehicle in Transport (00) and First Harmful Event is not Pedestrian (26) or Pedalcycle (25) and Most Harmful Event is not Animal-Deer (20) or Animal-Not Deer (21) and Contributing Roadway Condition is not Obstruction in Roadway (11) or Debris (10) | K12: =COUNTIF(Treatments!B:B,B12) -> 9
A13: Roadway Departure | B13: CM: Centerline Rumble Strips (Two-Lane Roads) | C13: Lane Departure = Yes and Roadway Departure = No | D13: Rural (studies) / any | E13: No (segment) | F13: Head-on, Sideswipe opposite direction, Cross-centerline | G13: Any | H13: Through Lanes = 2 and Trafficway = Two-Way, Not Divided | I13: Animal crashes excluded | J13: Relation to Junction = Non-Junction (00) and Through Lanes = 2 and Trafficway = Two-Way, Not Divided and ( Manner of Collision = Front To Front (20) or Sideswipe Opposite Direction (40) or Sequence of Events = Cross Centerline (01) ) and Most Harmful Event is not Animal-Deer (20) or Animal-Not Deer (21) | K13: =COUNTIF(Treatments!B:B,B13) -> 5
A14: Roadway Departure | B14: CM: Shoulder Rumble Strips | C14: Roadway Departure = Yes | D14: Rural (studies) / any | E14: No (segment) | F14: Run-off-road (single vehicle) | G14: Any | H14: - | I14: Pedestrian, bicycle, animal, obstruction-in-roadway and debris crashes excluded | J14: Relation to Junction = Non-Junction (00) and Manner of Collision = Not a Collision with Motor Vehicle in Transport (00) and First Harmful Event is not Pedestrian (26) or Pedalcycle (25) and Most Harmful Event is not Animal-Deer (20) or Animal-Not Deer (21) and Contributing Roadway Condition is not Obstruction in Roadway (11) or Debris (10) [optional refinement, NOT a gate: Sequence of Events = Ran Off Road Left (06) or Right (07)] | K14: =COUNTIF(Treatments!B:B,B14) -> 4
... A32: Crosscutting | B32: CM: Pavement Friction Management | C32: Roadway Departure = Yes or Negotiating a Curve | D32: Any | E32: Any | F32: Wet-road, Run-off-road, Curve | G32: Any | H32: Road Surface Condition = Wet (02), Ice/Frost (05), or Slush (04) | I32: Pedestrian, bicycle, animal, obstruction-in-roadway and debris crashes excluded | J32: Road Surface Condition = Wet (02), Ice/Frost (05), or Slush (04) and ( Vehicle Action Prior to Impact = Negotiating a Curve (07) or Manner of Collision = Not a Collision with Motor Vehicle in Transport (00) and First Harmful Event is not Pedestrian (26) or Pedalcycle (25) and Most Harmful Event is not Animal-Deer (20) or Animal-Not Deer (21) and Contributing Roadway Condition is not Obstruction in Roadway (11) or Debris (10) | K32: =COUNTIF(Treatments!B:B,B32) -> 8

Sheet Treatments
A1: TREATMENTS
A2: Treatment | B2: Countermeasure | C2: Default CMF (K) | D2: Default CMF (A) | E2: Default CMF (B) | F2: Default CMF (C) | G2: Default CMF (O) | H2: Default Service Years | I2: Date Added | J2: Added By | K2: Checked By | L2: CMF ID | M2: Source | N2: Star | O2: Area Type | P2: CMF | Q2: CRF % | R2: KABCO Severity | S2: Crash Type (CMF) | T2: Roadway Type | U2: AADT Min | V2: AADT Max | W2: AADT Avg | X2: Intersection / Control | Y2: Speed Limit | Z2: In HSM | AA2: Sample (sites / crashes) | AB2: Study Method | AC2: Background / Notes | AD2: Use? | AE2: Severity scope | AF2: Crash-type scope | AG2: SCDOT applicability check | AH2: Lane departure CMF?
A3: Install Automated Section Speed Enforcement System | B3: CM: Appropriate Speed Limits for All Road Users | C3: 0.632 | D3: 0.632 | E3: 0.632 | F3: 0.632 | G3: 0.632 | H3: 20 | L3: CMF: 7718 | M3: Original | N3: 5 | O3: Urban | P3: =C3 -> 0.632 | Q3: =IF(ISNUMBER(P3),ROUND((1-P3)*100,1),"NR") -> 36.8 | R3: K (fatal),A (serious injury),B (minor injury),C (possible injury) | S3: All | T3: Principal Arterial Other Freeways and Expressways | U3: NR | V3: NR | W3: =IF(AND(ISNUMBER(U3),ISNUMBER(V3)),ROUND((U3+V3)/2,0),IF(ISNUMBER(U3),U3,IF(ISNUMBER(V3),V3,"NR"))) -> NR | X3: Not reported | Y3: 80-80 | Z3: no | AA3: 50+ sites / 700+ crashes | AB3: Before/after using empirical Bayes or full Bayes | AC3: The authors note that crash reduction effects decreased over time and speed, speed variability, and non-compliance to speed limits significantly increased over time. | AD3: Yes | AE3: Fatal & injury only | AF3: All crash types | AG3: Study sites were Principal Arterial Other Freeways and Expressways. Do NOT apply to collectors or local roads - the team ruled that out in review. AADT range not reported by the study - the selector cannot score AADT fit for this row. | AH3: No
A4: Implement Automated Speed Enforcement Cameras | B4: CM: Appropriate Speed Limits for All Road Users | C4: 0.46 | D4: 0.46 | E4: 0.46 | F4: 0.46 | G4: 0.46 | H4: 20 | L4: CMF: 2915 | M4: Original | N4: 4 | O4: Urban | P4: =C4 -> 0.46 | Q4: =IF(ISNUMBER(P4),ROUND((1-P4)*100,1),"NR") -> 54 | R4: All | S4: All | T4: Principal Arterial Other | U4: NR | V4: NR | W4: =IF(AND(ISNUMBER(U4),ISNUMBER(V4)),ROUND((U4+V4)/2,0),IF(ISNUMBER(U4),U4,IF(ISNUMBER(V4),V4,"NR"))) -> NR | X4: Not reported | Y4: NR | Z4: no | AA4: 25-49 sites / unknown crashes | AB4: Before/after using empirical Bayes or full Bayes | AC4: CMF is for "target" crashes. Target crashes are defined as those that occur during non-peak periods. Peak periods (6AM - 9 AM and 4PM - 7PM); Non-peak periods (remaining 18 hrs for weekdays, 24 hrs for weekends and holidays). | AD4: Yes | AE4: All crashes | AF4: All crash types | AG4: AADT range not reported by the study - the selector cannot score AADT fit for this row. | AH4: No
A5: Install Variable Speed Limit (Vsl) | B5: CM: Appropriate Speed Limits for All Road Users | C5: 0.66 | D5: 0.66 | E5: 0.66 | F5: 0.66 | G5: 0.66 | H5: 20 | L5: CMF: 11002 | M5: Original | N5: 3 | O5: Not specified | P5: =C5 -> 0.66 | Q5: =IF(ISNUMBER(P5),ROUND((1-P5)*100,1),"NR") -> 34 | R5: All | S5: All | T5: Principal Arterial Interstate | U5: 10194 | V5: 11090 | W5: =IF(AND(ISNUMBER(U5),ISNUMBER(V5)),ROUND((U5+V5)/2,0),IF(ISNUMBER(U5),U5,IF(ISNUMBER(V5),V5,"NR"))) -> 10642 | X5: Not reported | Y5: 35-75 | Z5: no | AA5: 50-99 sites / 700+ crashes | AB5: Regression cross-section | AD5: Yes | AE5: All crashes | AF5: All crash types | AG5: Study sites were Principal Arterial Interstate. Do NOT apply to collectors or local roads - the team ruled that out in review. Study AADT 10194-11090 is well below SCDOT's typical volume on that functional class (~17,000 average, higher on the busiest routes). Check the site AADT before using this CMF. Valid AADT range tested: 10,194-11,090. | AH5: No
A6: Install Variable Speed Limit | B6: CM: Appropriate Speed Limits for All Road Users | C6: 0.861 | D6: 0.861 | E6: 0.861 | F6: 0.861 | G6: 0.861 | H6: 20 | L6: CMF: 11832 | M6: Added | N6: 4 | O6: Not reported | P6: =C6 -> 0.861 | Q6: =IF(ISNUMBER(P6),ROUND((1-P6)*100,1),"NR") -> 13.9 | R6: K (fatal), A (serious injury), B (minor injury), C (possible injury) | S6: All | T6: Principal Arterial Interstate | U6: 53729 | V6: 282619 | W6: =IF(AND(ISNUMBER(U6),ISNUMBER(V6)),ROUND((U6+V6)/2,0),IF(ISNUMBER(U6),U6,IF(ISNUMBER(V6),V6,"NR"))) -> 168174 | X6: Not reported | Y6: NR | Z6: no | AA6: 50+ sites / unknown crashes | AB6: Before/after using empirical Bayes or full Bayes | AC6: This CMF is for I-5. | AD6: Yes | AE6: Fatal & injury only | AF6: All crash types | AG6: Study sites were Principal Arterial Interstate. Do NOT apply to collectors or local roads - the team ruled that out in review. Valid AADT range tested: 53,729-282,619. | AH6: No
A7: Install Dynamic Speed Feedback Sign | B7: CM: Appropriate Speed Limits for All Road Users | C7: 0.93 | D7: 0.93 | E7: 0.93 | F7: 0.93 | G7: 0.93 | H7: 20 | L7: CMF: 6886 | M7: Added | N7: 4 | O7: Rural | P7: =C7 -> 0.93 | Q7: =IF(ISNUMBER(P7),ROUND((1-P7)*100,1),"NR") -> 7 | R7: All | S7: All | T7: Not specified | U7: 400 | V7: 8400 | W7: =IF(AND(ISNUMBER(U7),ISNUMBER(V7)),ROUND((U7+V7)/2,0),IF(ISNUMBER(U7),U7,IF(ISNUMBER(V7),V7,"NR"))) -> 4400 | X7: Not reported | Y7: 50-65 | Z7: no | AA7: <25 or unknown sites / <250 crashes | AB7: Before/after using empirical Bayes or full Bayes | AC7: This CMF applies to two-lane rural horizontal curves for crashes involving vehicles traveling in the direction of the DSFS system. | AD7: Yes | AE7: All crashes | AF7: All crash types | AG7: Valid AADT range tested: 400-8,400. | AH7: No
A8: Install Automated Section Speed Enforcement System | B8: CM: Appropriate Speed Limits for All Road Users | C8: 0.563 | D8: 0.563 | E8: 0.563 | F8: 0.563 | G8: 0.563 | H8: 20 | L8: CMF: 7714 | M8: Added | N8: 5 | O8: Urban | P8: =C8 -> 0.563 | Q8: =IF(ISNUMBER(P8),ROUND((1-P8)*100,1),"NR") -> 43.7 | R8: All | S8: Single vehicle | T8: Principal Arterial Other Freeways and Expressways | U8: NR | V8: NR | W8: =IF(AND(ISNUMBER(U8),ISNUMBER(V8)),ROUND((U8+V8)/2,0),IF(ISNUMBER(U8),U8,IF(ISNUMBER(V8),V8,"NR"))) -> NR | X8: Not reported | Y8: 80-80 | Z8: no | AA8: 50+ sites / 700+ crashes | AB8: Before/after using empirical Bayes or full Bayes | AC8: The authors note that crash reduction effects decreased over time and speed, speed variability, and non-compliance to speed limits significantly increased over time. | AD8: Yes | AE8: All crashes | AF8: Only: Single vehicle | AG8: Study sites were Principal Arterial Other Freeways and Expressways. Do NOT apply to collectors or local roads - the team ruled that out in review. AADT range not reported by the study - the selector cannot score AADT fit for this row. | AH8: Yes
A9: Implement Mobile Automated Speed Enforcement System | B9: CM: Appropriate Speed Limits for All Road Users | C9: 0.799 | D9: 0.799 | E9: 0.799 | F9: 0.799 | G9: 0.799 | H9: 20 | L9: CMF: 7582 | M9: Added | N9: 5 | O9: Urban | P9: =C9 -> 0.799 | Q9: =IF(ISNUMBER(P9),ROUND((1-P9)*100,1),"NR") -> 20.1 | R9: K (fatal),A (serious injury),B (minor injury),C (possible injury) | S9: All | T9: Principal Arterial Other | U9: 2079 | V9: 22960 | W9: =IF(AND(ISNUMBER(U9),ISNUMBER(V9)),ROUND((U9+V9)/2,0),IF(ISNUMBER(U9),U9,IF(ISNUMBER(V9),V9,"NR"))) -> 12520 | X9: Not reported | Y9: NR | Z9: no | AA9: 50+ sites / 700+ crashes | AB9: Before/after using empirical Bayes or full Bayes | AC9: The number of crashes in the after period were not reported in this study | AD9: Yes | AE9: Fatal & injury only | AF9: All crash types | AG9: Valid AADT range tested: 2,079-22,960. | AH9: No
A10: Implement Automated Speed Enforcement Cameras | B10: CM: Appropriate Speed Limits for All Road Users | C10: 0.33 | D10: 0.33 | E10: 0.33 | F10: 0.33 | G10: 0.33 | H10: 20 | L10: CMF: 2923 | M10: Added | N10: 4 | O10: Urban | P10: =C10 -> 0.33 | Q10: =IF(ISNUMBER(P10),ROUND((1-P10)*100,1),"NR") -> 67 | R10: O (property damage only) | S10: Single vehicle | T10: Principal Arterial Other | U10: NR | V10: NR | W10: =IF(AND(ISNUMBER(U10),ISNUMBER(V10)),ROUND((U10+V10)/2,0),IF(ISNUMBER(U10),U10,IF(ISNUMBER(V10),V10,"NR"))) -> NR | X10: Not reported | Y10: NR | Z10: no | AA10: 25-49 sites / unknown crashes | AB10: Before/after using empirical Bayes or full Bayes | AC10: CMF is for "target" crashes. Target crashes are defined as those that occur during non-peak periods. Peak periods (6AM - 9 AM and 4PM - 7PM); Non-peak periods (remaining 18 hrs for weekdays, 24 hrs for weekends and holidays). | AD10: Yes | AE10: PDO only | AF10: Only: Single vehicle | AG10: AADT range not reported by the study - the selector cannot score AADT fit for this row. | AH10: Yes
A11: Install Automated Section Speed Enforcement System On Curves | B11: CM: Appropriate Speed Limits for All Road Users | C11: 0.57 | D11: 0.57 | E11: 0.57 | F11: 0.57 | G11: 0.57 | H11: 20 | L11: CMF: 4146 | M11: Added | N11: 4 | O11: Not specified | P11: =C11 -> 0.57 | Q11: =IF(ISNUMBER(P11),ROUND((1-P11)*100,1),"NR") -> 43 | R11: All | S11: All | T11: Principal Arterial Other Freeways and Expressways | U11: 23000 | V11: 42000 | W11: =IF(AND(ISNUMBER(U11),ISNUMBER(V11)),ROUND((U11+V11)/2,0),IF(ISNUMBER(U11),U11,IF(ISNUMBER(V11),V11,"NR"))) -> 32500 | X11: Not reported | Y11: 130-130 | Z11: no | AA11: 50+ sites / <250 crashes | AB11: Before/after using empirical Bayes or full Bayes | AD11: Yes | AE11: All crashes | AF11: All crash types | AG11: Study sites were Principal Arterial Other Freeways and Expressways. Do NOT apply to collectors or local roads - the team ruled that out in review. Valid AADT range tested: 23,000-42,000. | AH11: No
A12: Convert Traditional Or Flush Buffered Bike Lane To Sbl With Flexi-Posts | B12: CM: Bicycle Lanes | C12: 0.468 | D12: 0.468 | E12: 0.468 | F12: 0.468 | G12: 0.468 | H12: 20 | L12: CMF: 11296 | M12: Original | N12: 4 | O12: Urban | P12: =C12 -> 0.468 | Q12: =IF(ISNUMBER(P12),ROUND((1-P12)*100,1),"NR") -> 53.2 | R12: All | S12: Vehicle/bicycle | T12: Not specified | U12: NR | V12: NR | W12: =IF(AND(ISNUMBER(U12),ISNUMBER(V12)),ROUND((U12+V12)/2,0),IF(ISNUMBER(U12),U12,IF(ISNUMBER(V12),V12,"NR"))) -> NR | X12: Not reported | Y12: NR | Z12: no | AA12: 100+ sites / unknown crashes | AB12: Regression cross-section | AC12: The after condition is SBL with Flexible Delineator Posts. | AD12: Yes | AE12: All crashes | AF12: Only: Vehicle/bicycle | AG12: AADT range not reported by the study - the selector cannot score AADT fit for this row. | AH12: No
A13: Install Bicycle Lanes | B13: CM: Bicycle Lanes | C13: 0.51 | D13: 0.51 | E13: 0.51 | F13: 0.51 | G13: 0.51 | H13: 20 | L13: CMF: 10738 | M13: Original | N13: 4 | O13: Urban | P13: =C13 -> 0.51 | Q13: =IF(ISNUMBER(P13),ROUND((1-P13)*100,1),"NR") -> 49 | R13: All | S13: All | T13: All | U13: 10 | V13: 92462 | W13: =IF(AND(ISNUMBER(U13),ISNUMBER(V13)),ROUND((U13+V13)/2,0),IF(ISNUMBER(U13),U13,IF(ISNUMBER(V13),V13,"NR"))) -> 46236 | X13: Not reported | Y13: NR | Z13: no | AA13: 100+ sites / 700+ crashes | AB13: Regression cross-section | AC13: This CMF is for bicycle lane addition resulting in reduced shoulder or lane width and 20 percent increase in average daily bicycle traffic (ADBT). The base condition was 11-ft lanes, no shoulder, no median, and four-lane urban collector or local road. | AD13: Yes | AE13: All crashes | AF13: All crash types | AG13: Valid AADT range tested: 10-92,462. | AH13: No
A14: Install Bicycle Boulevard | B14: CM: Bicycle Lanes | C14: 0.37 | D14: 0.37 | E14: 0.37 | F14: 0.37 | G14: 0.37 | H14: 20 | L14: CMF: 3092 | M14: Added | N14: 4 | O14: Urban and suburban | P14: =C14 -> 0.37 | Q14: =IF(ISNUMBER(P14),ROUND((1-P14)*100,1),"NR") -> 63 | R14: All | S14: Vehicle/bicycle | T14: Not Specified | U14: NR | V14: NR | W14: =IF(AND(ISNUMBER(U14),ISNUMBER(V14)),ROUND((U14+V14)/2,0),IF(ISNUMBER(U14),U14,IF(ISNUMBER(V14),V14,"NR"))) -> NR | X14: Not reported | Y14: NR | Z14: no | AA14: 100+ sites / 700+ crashes | AB14: Non-regression cross-section | AD14: Yes | AE14: All crashes | AF14: Only: Vehicle/bicycle | AG14: AADT range not reported by the study | AH14: No
A15: Convert Flush Buffered Bike Lane To SBL With Flexi-Posts | B15: CM: Bicycle Lanes | C15: 0.441 | D15: 0.441 | E15: 0.441 | F15: 0.441 | G15: 0.441 | H15: 20 | L15: CMF: 11295 | M15: Added | N15: 4 | O15: Urban | P15: =C15 -> 0.441 | Q15: =IF(ISNUMBER(P15),ROUND((1-P15)*100,1),"NR") -> 55.9 | R15: All | S15: Vehicle/bicycle | T15: Not specified | U15: NR | V15: NR | W15: =IF(AND(ISNUMBER(U15),ISNUMBER(V15)),ROUND((U15+V15)/2,0),IF(ISNUMBER(U15),U15,IF(ISNUMBER(V15),V15,"NR"))) -> NR | X15: Not reported | Y15: NR | Z15: no | AA15: 100+ sites / unknown crashes | AB15: Regression cross-section | AC15: The after condition is SBL with Flexible Delineator Posts. | AD15: Yes | AE15: All crashes | AF15: Only: Vehicle/bicycle | AG15: AADT range not reported by the study - the selector cannot score AADT fit for this row. | AH15: No
A16: Install Separated Bicycle Lane | B16: CM: Bicycle Lanes | C16: 0.456 | D16: 0.456 | E16: 0.456 | F16: 0.456 | G16: 0.456 | H16: 20 | L16: CMF: 11553 | M16: Added | N16: 4 | O16: All | P16: =C16 -> 0.456 | Q16: =IF(ISNUMBER(P16),ROUND((1-P16)*100,1),"NR") -> 54.4 | R16: All | S16: All | T16: Not specified | U16: 2678 | V16: 46640 | W16: =IF(AND(ISNUMBER(U16),ISNUMBER(V16)),ROUND((U16+V16)/2,0),IF(ISNUMBER(U16),U16,IF(ISNUMBER(V16),V16,"NR"))) -> 24659 | X16: Roadway/roadway (not interchange related) | Y16: NR | Z16: no | AA16: 100+ sites / unknown crashes | AB16: Regression cross-section | AC16: This CMF is for non-weather related crashes. CMF is presented in Table 20 in the report | AD16: Yes | AE16: All crashes | AF16: All crash types | AG16: Valid AADT range tested: 2,678-46,640. | AH16: No
A17: Convert Traditional Bike Lane To SBL With Flexi-Posts | B17: CM: Bicycle Lanes | C17: 0.498 | D17: 0.498 | E17: 0.498 | F17: 0.498 | G17: 0.498 | H17: 20 | L17: CMF: 11294 | M17: Added | N17: 4 | O17: Urban | P17: =C17 -> 0.498 | Q17: =IF(ISNUMBER(P17),ROUND((1-P17)*100,1),"NR") -> 50.2 | R17: All | S17: Vehicle/bicycle | T17: Not specified | U17: NR | V17: NR | W17: =IF(AND(ISNUMBER(U17),ISNUMBER(V17)),ROUND((U17+V17)/2,0),IF(ISNUMBER(U17),U17,IF(ISNUMBER(V17),V17,"NR"))) -> NR | X17: Not reported | Y17: NR | Z17: no | AA17: 100+ sites / unknown crashes | AB17: Regression cross-section | AC17: The after condition is SBL with Flexible Delineator Posts. | AD17: Yes | AE17: All crashes | AF17: Only: Vehicle/bicycle | AG17: AADT range not reported by the study - the selector cannot score AADT fit for this row. | AH17: No
A18: Convert Flush Buffered Bike Lane To SBL With A Blend Of Flexi-Post And Other Vertical Elements | B18: CM: Bicycle Lanes | C18: 0.567 | D18: 0.567 | E18: 0.567 | F18: 0.567 | G18: 0.567 | H18: 20 | L18: CMF: 11302 | M18: Added | N18: 4 | O18: Urban | P18: =C18 -> 0.567 | Q18: =IF(ISNUMBER(P18),ROUND((1-P18)*100,1),"NR") -> 43.3 | R18: All | S18: Vehicle/bicycle | T18: Not specified | U18: NR | V18: NR | W18: =IF(AND(ISNUMBER(U18),ISNUMBER(V18)),ROUND((U18+V18)/2,0),IF(ISNUMBER(U18),U18,IF(ISNUMBER(V18),V18,"NR"))) -> NR | X18: Not reported | Y18: NR | Z18: no | AA18: 100+ sites / unknown crashes | AB18: Regression cross-section | AC18: The after condition is SBL with blend of flexible delineator posts and other vertical elements. | AD18: Yes | AE18: All crashes | AF18: Only: Vehicle/bicycle | AG18: AADT range not reported by the study - the selector cannot score AADT fit for this row. | AH18: No
A19: Install Bicycle Lanes | B19: CM: Bicycle Lanes | C19: 0.571 | D19: 0.571 | E19: 0.571 | F19: 0.571 | G19: 0.571 | H19: 20 | L19: CMF: 11555 | M19: Added | N19: 4 | O19: All | P19: =C19 -> 0.571 | Q19: =IF(ISNUMBER(P19),ROUND((1-P19)*100,1),"NR") -> 42.9 | R19: K (fatal), A (serious injury), B (minor injury), C (possible injury) | S19: All | T19: Not specified | U19: 2678 | V19: 46640 | W19: =IF(AND(ISNUMBER(U19),ISNUMBER(V19)),ROUND((U19+V19)/2,0),IF(ISNUMBER(U19),U19,IF(ISNUMBER(V19),V19,"NR"))) -> 24659 | X19: Roadway/roadway (not interchange related) | Y19: NR | Z19: no | AA19: 100+ sites / unknown crashes | AB19: Regression cross-section | AC19: This CMF is for intersections with bike lanes mixed with through and right turn lanes. CMF is presented in Table 18 in the report. | AD19: Yes | AE19: Fatal & injury only | AF19: All crash types | AG19: Valid AADT range tested: 2,678-46,640. | AH19: No
A20: Install High-Visibility Crosswalk | B20: CM: Crosswalk Visibility Enhancements | C20: 0.6 | D20: 0.6 | E20: 0.6 | F20: 0.6 | G20: 0.6 | H20: 20 | L20: CMF: 4123 | M20: Original | N20: 2 | O20: Urban | P20: =C20 -> 0.6 | Q20: =IF(ISNUMBER(P20),ROUND((1-P20)*100,1),"NR") -> 40 | R20: All | S20: Vehicle/pedestrian | T20: Not Specified | U20: NR | V20: NR | W20: =IF(AND(ISNUMBER(U20),ISNUMBER(V20)),ROUND((U20+V20)/2,0),IF(ISNUMBER(U20),U20,IF(ISNUMBER(V20),V20,"NR"))) -> NR | X20: Roadway/roadway (not interchange related) | Y20: NR | Z20: no | AA20: 50+ sites / 500-699 crashes | AB20: Simple before/after | AC20: The treatment group included both signalized and unsignalized intersections. The corresponding change in crashes in the comparison group was an 18 percent reduction in pedestrian-vehicle crashes. | AD20: Yes | AE20: All crashes | AF20: Only: Vehicle/pedestrian | AG20: AADT range not reported by the study - the selector cannot score AADT fit for this row. | AH20: No
A21: Provide Intersection Illumination | B21: CM: Crosswalk Visibility Enhancements | C21: 0.58 | D21: 0.58 | E21: 0.58 | F21: 0.58 | G21: 0.58 | H21: 20 | L21: CMF: 436 | M21: Original | N21: 3 | O21: Not Specified | P21: =C21 -> 0.58 | Q21: =IF(ISNUMBER(P21),ROUND((1-P21)*100,1),"NR") -> 42 | R21: A (serious injury),B (minor injury),C (possible injury) | S21: Nighttime,Vehicle/pedestrian | T21: Not Specified | U21: NR | V21: NR | W21: =IF(AND(ISNUMBER(U21),ISNUMBER(V21)),ROUND((U21+V21)/2,0),IF(ISNUMBER(U21),U21,IF(ISNUMBER(V21),V21,"NR"))) -> NR | X21: Roadway/roadway (not interchange related) | Y21: NR | Z21: italics | AA21: <25 or unknown sites / <250 crashes | AB21: Meta-analysis | AC21: Countermeasure name changed to match HSM | AD21: Yes | AE21: Fatal & injury only | AF21: Only: Nighttime,Vehicle/pedestrian | AG21: AADT range not reported by the study - the selector cannot score AADT fit for this row. | AH21: No
A22: Install High-Visibility Yellow, Continental Type Crosswalks At Schools | B22: CM: Crosswalk Visibility Enhancements | C22: 0.63 | D22: 0.63 | E22: 0.63 | F22: 0.63 | G22: 0.63 | H22: 20 | L22: CMF: 2697 | M22: Added | N22: 4 | O22: Urban | P22: =C22 -> 0.63 | Q22: =IF(ISNUMBER(P22),ROUND((1-P22)*100,1),"NR") -> 37 | R22: All | S22: Vehicle/pedestrian | T22: Not Specified | U22: 567 | V22: 43199 | W22: =IF(AND(ISNUMBER(U22),ISNUMBER(V22)),ROUND((U22+V22)/2,0),IF(ISNUMBER(U22),U22,IF(ISNUMBER(V22),V22,"NR"))) -> 21883 | X22: Not reported | Y22: NR | Z22: no | AA22: 50+ sites / 250-499 crashes | AB22: Before/after using empirical Bayes or full Bayes | AD22: Yes | AE22: All crashes | AF22: Only: Vehicle/pedestrian | AG22: Valid AADT range tested: 567-43,199. | AH22: No
A23: Modify Signal Phasing (Implement A Leading Pedestrian Interval) | B23: CM: Leading Pedestrian Interval | C23: 0.87 | D23: 0.87 | E23: 0.87 | F23: 0.87 | G23: 0.87 | H23: 20 | L23: CMF: 9918 | M23: Original | N23: 5 | O23: Urban and suburban | P23: =C23 -> 0.87 | Q23: =IF(ISNUMBER(P23),ROUND((1-P23)*100,1),"NR") -> 13 | R23: All | S23: Vehicle/pedestrian | T23: All | U23: NR | V23: NR | W23: =IF(AND(ISNUMBER(U23),ISNUMBER(V23)),ROUND((U23+V23)/2,0),IF(ISNUMBER(U23),U23,IF(ISNUMBER(V23),V23,"NR"))) -> NR | X23: Roadway/roadway (not interchange related) | Y23: NR | Z23: no | AA23: 50+ sites / 700+ crashes | AB23: Before/after using empirical Bayes or full Bayes | AC23: Crash Type = Vehicle - Pedestrian Crashes. This CMF is for sites where LPIs were implemented either at all crossings (across major and minor roads) or only for crossings across the minor road (parallel to the major road). | AD23: Yes | AE23: All crashes | AF23: Only: Vehicle/pedestrian | AG23: AADT range not reported by the study - the selector cannot score AADT fit for this row. | AH23: No
A24: Modify Signal Phasing (Implement A Leading Pedestrian Interval) | B24: CM: Leading Pedestrian Interval | C24: 0.81 | D24: 0.81 | E24: 0.81 | F24: 0.81 | G24: 0.81 | H24: 20 | L24: CMF: 9903 | M24: Added | N24: 5 | O24: Urban and suburban | P24: =C24 -> 0.81 | Q24: =IF(ISNUMBER(P24),ROUND((1-P24)*100,1),"NR") -> 19 | R24: All | S24: Vehicle/pedestrian | T24: All | U24: 6650 | V24: 32363 | W24: =IF(AND(ISNUMBER(U24),ISNUMBER(V24)),ROUND((U24+V24)/2,0),IF(ISNUMBER(U24),U24,IF(ISNUMBER(V24),V24,"NR"))) -> 19507 | X24: Roadway/roadway (not interchange related) | Y24: NR | Z24: no | AA24: 50+ sites / 700+ crashes | AB24: Before/after using empirical Bayes or full Bayes | AC24: Crash Type = Vehicle - Pedestrian Crashes. This CMF is for sites where LPIs were implemented either at all crossings (across major and minor roads) or only for crossings across the minor road (parallel to the major road). | AD24: Yes | AE24: All crashes | AF24: Only: Vehicle/pedestrian | AG24: Valid AADT range tested: 6,650-32,363. | AH24: No
A25: Install Raised Median With Marked Crosswalk (Uncontrolled) | B25: CM: Medians and Pedestrian Refuge Islands in Urban and Suburban Areas | C25: 0.54 | D25: 0.54 | E25: 0.54 | F25: 0.54 | G25: 0.54 | H25: 20 | L25: CMF: 175 | M25: Original | N25: 3 | O25: Urban and Suburban | P25: =C25 -> 0.54 | Q25: =IF(ISNUMBER(P25),ROUND((1-P25)*100,1),"NR") -> 46 | R25: All | S25: Vehicle/pedestrian | T25: Principal Arterial Other | U25: 15000 | V25: NR | W25: =IF(AND(ISNUMBER(U25),ISNUMBER(V25)),ROUND((U25+V25)/2,0),IF(ISNUMBER(U25),U25,IF(ISNUMBER(V25),V25,"NR"))) -> 15000 | X25: Not reported | Y25: NR | Z25: no | AA25: 100+ sites / <250 crashes | AB25: Non-regression cross-section | AC25: The study design was a simple comparison of crash rates, controlling for pedestrian and traffic volume. | AD25: Yes | AE25: All crashes | AF25: Only: Vehicle/pedestrian | AH25: No
A26: Install Raised Median With Or Without Marked Crosswalk (Uncontrolled) | B26: CM: Medians and Pedestrian Refuge Islands in Urban and Suburban Areas | C26: 0.685 | D26: 0.685 | E26: 0.685 | F26: 0.685 | G26: 0.685 | H26: 20 | L26: CMF: 8799 | M26: Added | N26: 4 | O26: Urban and suburban | P26: =C26 -> 0.685 | Q26: =IF(ISNUMBER(P26),ROUND((1-P26)*100,1),"NR") -> 31.5 | R26: All | S26: Vehicle/pedestrian | T26: Minor Arterial | U26: 1245 | V26: 46000 | W26: =IF(AND(ISNUMBER(U26),ISNUMBER(V26)),ROUND((U26+V26)/2,0),IF(ISNUMBER(U26),U26,IF(ISNUMBER(V26),V26,"NR"))) -> 23623 | X26: Not reported | Y26: NR | Z26: no | AA26: 100+ sites / 700+ crashes | AB26: Meta-analysis | AC26: Combination of EB before-after and cross-sectional estimations. | AD26: Yes | AE26: All crashes | AF26: Only: Vehicle/pedestrian | AG26: Valid AADT range tested: 1,245-46,000. | AH26: No
A27: Install Raised Median | B27: CM: Medians and Pedestrian Refuge Islands in Urban and Suburban Areas | C27: 0.29 | D27: 0.29 | E27: 0.29 | F27: 0.29 | G27: 0.29 | H27: 20 | L27: CMF: 2219 | M27: Added | N27: 4 | O27: Urban | P27: =C27 -> 0.29 | Q27: =IF(ISNUMBER(P27),ROUND((1-P27)*100,1),"NR") -> 71 | R27: All | S27: All | T27: Principal Arterial Other | U27: 1390 | V27: 51200 | W27: =IF(AND(ISNUMBER(U27),ISNUMBER(V27)),ROUND((U27+V27)/2,0),IF(ISNUMBER(U27),U27,IF(ISNUMBER(V27),V27,"NR"))) -> 26295 | X27: Not reported | Y27: NR | Z27: no | AA27: 100+ sites / 700+ crashes | AB27: Regression cross-section | AD27: Yes | AE27: All crashes | AF27: All crash types | AG27: Valid AADT range tested: 1,390-51,200. | AH27: No
A28: Install A Pedestrian Hybrid Beacon (Phb Or Hawk) | B28: CM: Pedestrian Hybrid Beacons | C28: 0.453 | D28: 0.453 | E28: 0.453 | F28: 0.453 | G28: 0.453 | H28: 20 | L28: CMF: 9020 | M28: Original | N28: 3 | O28: Urban and suburban | P28: =C28 -> 0.453 | Q28: =IF(ISNUMBER(P28),ROUND((1-P28)*100,1),"NR") -> 54.7 | R28: All | S28: Vehicle/pedestrian | T28: Minor Arterial | U28: 6634 | V28: 48791 | W28: =IF(AND(ISNUMBER(U28),ISNUMBER(V28)),ROUND((U28+V28)/2,0),IF(ISNUMBER(U28),U28,IF(ISNUMBER(V28),V28,"NR"))) -> 27713 | X28: Not reported | Y28: NR | Z28: no | AA28: 100+ sites / 250-499 crashes | AB28: Regression cross-section | AC28: Methodology used was a combination of EB before-after and cross-sectional estimations. | AD28: Yes | AE28: All crashes | AF28: Only: Vehicle/pedestrian | AG28: Valid AADT range tested: 6,634-48,791. | AH28: No
A29: Install Pedestrian Hybrid Beacon (PHB Or HAWK) With Advanced Yield Or Stop Markings And Signs | B29: CM: Pedestrian Hybrid Beacons | C29: 0.432 | D29: 0.432 | E29: 0.432 | F29: 0.432 | G29: 0.432 | H29: 20 | L29: CMF: 9021 | M29: Added | N29: 4 | O29: Urban and suburban | P29: =C29 -> 0.432 | Q29: =IF(ISNUMBER(P29),ROUND((1-P29)*100,1),"NR") -> 56.8 | R29: All | S29: Vehicle/pedestrian | T29: Minor Arterial | U29: 6634 | V29: 48791 | W29: =IF(AND(ISNUMBER(U29),ISNUMBER(V29)),ROUND((U29+V29)/2,0),IF(ISNUMBER(U29),U29,IF(ISNUMBER(V29),V29,"NR"))) -> 27713 | X29: Not reported | Y29: NR | Z29: no | AA29: 100+ sites / 250-499 crashes | AB29: Meta-analysis | AC29: Methodology used was a combination of EB before-after and cross-sectional estimations. Also, study sites were a combination of intersection and mid-block locations. | AD29: Yes | AE29: All crashes | AF29: Only: Vehicle/pedestrian | AG29: Valid AADT range tested: 6,634-48,791. | AH29: No
A30: Install A Pedestrian Hybrid Beacon (PHB Or HAWK) | B30: CM: Pedestrian Hybrid Beacons | C30: 0.543 | D30: 0.543 | E30: 0.543 | F30: 0.543 | G30: 0.543 | H30: 20 | L30: CMF: 10607 | M30: Added | N30: 5 | O30: Urban and suburban | P30: =C30 -> 0.543 | Q30: =IF(ISNUMBER(P30),ROUND((1-P30)*100,1),"NR") -> 45.7 | R30: All | S30: Vehicle/pedestrian | T30: All | U30: 5400 | V30: 47627 | W30: =IF(AND(ISNUMBER(U30),ISNUMBER(V30)),ROUND((U30+V30)/2,0),IF(ISNUMBER(U30),U30,IF(ISNUMBER(V30),V30,"NR"))) -> 26514 | X30: Roadway/roadway (not interchange related) | Y30: NR | Z30: no | AA30: 50+ sites / unknown crashes | AB30: Before/after using empirical Bayes or full Bayes | AC30: The reference group consisted of 101 unsignalized and 56 signalized intersections. | AD30: Yes | AE30: All crashes | AF30: Only: Vehicle/pedestrian | AG30: Valid AADT range tested: 5,400-47,627. | AH30: No
A31: Install Rectangular Rapid Flashing Beacon (Rrfb) | B31: CM: Rectangular Rapid Flashing Beacons (RRFB) | C31: 0.526 | D31: 0.526 | E31: 0.526 | F31: 0.526 | G31: 0.526 | H31: 20 | L31: CMF: 9024 | M31: Original | N31: 3 | O31: Urban and suburban | P31: =C31 -> 0.526 | Q31: =IF(ISNUMBER(P31),ROUND((1-P31)*100,1),"NR") -> 47.4 | R31: All | S31: Vehicle/pedestrian | T31: Minor Arterial | U31: 533 | V31: 49402 | W31: =IF(AND(ISNUMBER(U31),ISNUMBER(V31)),ROUND((U31+V31)/2,0),IF(ISNUMBER(U31),U31,IF(ISNUMBER(V31),V31,"NR"))) -> 24968 | X31: Not reported | Y31: NR | Z31: no | AA31: 100+ sites / <250 crashes | AB31: Regression cross-section | AD31: Yes | AE31: All crashes | AF31: Only: Vehicle/pedestrian | AG31: Valid AADT range tested: 533-49,402. | AH31: No
A32: Install Rectangular Rapid Flashing Beacon (RRFB) | B32: CM: Rectangular Rapid Flashing Beacons (RRFB) | C32: 0.27 | D32: 0.27 | E32: 0.27 | F32: 0.27 | G32: 0.27 | H32: 20 | L32: CMF: 11169 | M32: Added | N32: 4 | O32: All | P32: =C32 -> 0.27 | Q32: =IF(ISNUMBER(P32),ROUND((1-P32)*100,1),"NR") -> 73 | R32: A (serious injury),B (minor injury),C (possible injury) | S32: Vehicle/pedestrian | T32: Not specified | U32: NR | V32: NR | W32: =IF(AND(ISNUMBER(U32),ISNUMBER(V32)),ROUND((U32+V32)/2,0),IF(ISNUMBER(U32),U32,IF(ISNUMBER(V32),V32,"NR"))) -> NR | X32: Roadway/pedestrian crossing (eg, midblock crossing) | Y32: NR | Z32: no | AA32: 50+ sites / 700+ crashes | AB32: Before/after using empirical Bayes or full Bayes | AC32: It is the CMF for injury crashes in pedestrian crashes. | AD32: Yes | AE32: Fatal & injury only | AF32: Only: Vehicle/pedestrian | AG32: AADT range not reported by the study - the selector cannot score AADT fit for this row. | AH32: No
A33: Converting Four-Lane Roadways To Three-Lane Roadways With Center Turn Lane (Road Diet) | B33: CM: Road Diets (Roadway Reconfiguration) | C33: 0.812 | D33: 0.812 | E33: 0.812 | F33: 0.812 | G33: 0.812 | H33: 20 | L33: CMF: 5554 | M33: Original | N33: 4 | O33: Urban | P33: =C33 -> 0.812 | Q33: =IF(ISNUMBER(P33),ROUND((1-P33)*100,1),"NR") -> 18.8 | R33: All | S33: All | T33: Not specified | U33: 2030 | V33: 15350 | W33: =IF(AND(ISNUMBER(U33),ISNUMBER(V33)),ROUND((U33+V33)/2,0),IF(ISNUMBER(U33),U33,IF(ISNUMBER(V33),V33,"NR"))) -> 8690 | X33: Not reported | Y33: NR | Z33: no | AA33: <25 or unknown sites / <250 crashes | AB33: Before/after using empirical Bayes or full Bayes | AC33: CMF calculation is for reduction in crash rate. The sites used for the development of this CMF were largely located in smaller urban areas. The number of crashes in the after period were not reported in this study. | AD33: Yes | AE33: All crashes | AF33: All crash types | AG33: Valid AADT range tested: 2,030-15,350. | AH33: No
A34: Road Diet (Convert 4-Lane Undivided Road To 2-Lanes Plus Turning Lane) | B34: CM: Road Diets (Roadway Reconfiguration) | C34: 0.613 | D34: 0.613 | E34: 0.613 | F34: 0.613 | G34: 0.613 | H34: 20 | L34: CMF: 10376 | M34: Added | N34: 4 | O34: Urban | P34: =C34 -> 0.613 | Q34: =IF(ISNUMBER(P34),ROUND((1-P34)*100,1),"NR") -> 38.7 | R34: All | S34: Non-intersection | T34: Not specified | U34: 8333 | V34: 13900 | W34: =IF(AND(ISNUMBER(U34),ISNUMBER(V34)),ROUND((U34+V34)/2,0),IF(ISNUMBER(U34),U34,IF(ISNUMBER(V34),V34,"NR"))) -> 11117 | X34: Not reported | Y34: NR | Z34: no | AA34: 50+ sites / <250 crashes | AB34: Before/after using empirical Bayes or full Bayes | AC34: Safety performance function for 4-lane highway used for the analysis has been previously developed for the state of Louisiana. | AD34: Yes | AE34: All crashes | AF34: Only: Non-intersection | AG34: Valid AADT range tested: 8,333-13,900. | AH34: No
A35: Converting Four-Lane Roadways To Three-Lane Roadways With Center Turn Lane (Road Diet) | B35: CM: Road Diets (Roadway Reconfiguration) | C35: 0.748 | D35: 0.748 | E35: 0.748 | F35: 0.748 | G35: 0.748 | H35: 20 | L35: CMF: 5553 | M35: Added | N35: 4 | O35: Urban | P35: =C35 -> 0.748 | Q35: =IF(ISNUMBER(P35),ROUND((1-P35)*100,1),"NR") -> 25.2 | R35: All | S35: All | T35: Not specified | U35: 2030 | V35: 15350 | W35: =IF(AND(ISNUMBER(U35),ISNUMBER(V35)),ROUND((U35+V35)/2,0),IF(ISNUMBER(U35),U35,IF(ISNUMBER(V35),V35,"NR"))) -> 8690 | X35: Not reported | Y35: NR | Z35: no | AA35: <25 or unknown sites / <250 crashes | AB35: Before/after using empirical Bayes or full Bayes | AC35: CMF calculation is for reduction in crash frequency per mile. The sites used for the development of this CMF were largely located in smaller urban areas. The number of crashes in the after period were not reported in this study. | AD35: Yes | AE35: All crashes | AF35: All crash types | AG35: Valid AADT range tested: 2,030-15,350. | AH35: No
A36: Install Sidewalk | B36: CM: Walkways | C36: 0.598 | D36: 0.598 | E36: 0.598 | F36: 0.598 | G36: 0.598 | H36: 20 | L36: CMF: 11246 | M36: Added | N36: 4 | O36: Not reported | P36: =C36 -> 0.598 | Q36: =IF(ISNUMBER(P36),ROUND((1-P36)*100,1),"NR") -> 40.2 | R36: All | S36: Vehicle/pedestrian | T36: All | U36: NR | V36: NR | W36: =IF(AND(ISNUMBER(U36),ISNUMBER(V36)),ROUND((U36+V36)/2,0),IF(ISNUMBER(U36),U36,IF(ISNUMBER(V36),V36,"NR"))) -> NR | X36: Not reported | Y36: NR | Z36: no | AA36: 100+ sites / 700+ crashes | AB36: Regression cross-section | AD36: Yes | AE36: All crashes | AF36: Only: Vehicle/pedestrian | AG36: AADT range not reported by the study - the selector cannot score AADT fit for this row. | AH36: No
A37: Install Chevron Signs On Horizontal Curves | B37: CM: Enhanced Delineation for Horizontal Curves | C37: 0.75 | D37: 0.75 | E37: 0.75 | F37: 0.75 | G37: 0.75 | H37: 20 | L37: CMF: 2439 | M37: Original | N37: 5 | O37: Rural | P37: =C37 -> 0.75 | Q37: =IF(ISNUMBER(P37),ROUND((1-P37)*100,1),"NR") -> 25 | R37: All | S37: Nighttime,Non-intersection | T37: All | U37: 261 | V37: 14790 | W37: =IF(AND(ISNUMBER(U37),ISNUMBER(V37)),ROUND((U37+V37)/2,0),IF(ISNUMBER(U37),U37,IF(ISNUMBER(V37),V37,"NR"))) -> 7526 | X37: Not reported | Y37: NR | Z37: no | AA37: 50+ sites / <250 crashes | AB37: Before/after using empirical Bayes or full Bayes | AD37: Yes | AE37: All crashes | AF37: Only: Nighttime,Non-intersection | AG37: Valid AADT range tested: 261-14,790. | AH37: Yes
A38: Install Oversized Chevron Signs | B38: CM: Enhanced Delineation for Horizontal Curves | C38: 0.852 | D38: 0.852 | E38: 0.852 | F38: 0.852 | G38: 0.852 | H38: 20 | L38: CMF: 8978 | M38: Original | N38: 3 | O38: Not specified | P38: =C38 -> 0.852 | Q38: =IF(ISNUMBER(P38),ROUND((1-P38)*100,1),"NR") -> 14.8 | R38: K (fatal),A (serious injury),B (minor injury),C (possible injury) | S38: All | T38: Not specified | U38: 173 | V38: 27235 | W38: =IF(AND(ISNUMBER(U38),ISNUMBER(V38)),ROUND((U38+V38)/2,0),IF(ISNUMBER(U38),U38,IF(ISNUMBER(V38),V38,"NR"))) -> 13704 | X38: Not reported | Y38: NR | Z38: no | AA38: 50+ sites / unknown crashes | AB38: Before/after using empirical Bayes or full Bayes | AC38: Small sample size | AD38: No - dropped 8/2026 | AE38: Fatal & injury only | AF38: All crash types | AG38: Valid AADT range tested: 173-27,235. | AH38: Yes
A39: Install In-Lane Curve Warning Pavement Markings | B39: CM: Enhanced Delineation for Horizontal Curves | C39: 0.652 | D39: 0.652 | E39: 0.652 | F39: 0.652 | G39: 0.652 | H39: 20 | L39: CMF: 10312 | M39: Original | N39: 5 | O39: Rural | P39: =C39 -> 0.652 | Q39: =IF(ISNUMBER(P39),ROUND((1-P39)*100,1),"NR") -> 34.8 | R39: All | S39: All | T39: Not specified | U39: 100 | V39: 15998 | W39: =IF(AND(ISNUMBER(U39),ISNUMBER(V39)),ROUND((U39+V39)/2,0),IF(ISNUMBER(U39),U39,IF(ISNUMBER(V39),V39,"NR"))) -> 8049 | X39: Not reported | Y39: NR | Z39: no | AA39: 50+ sites / <250 crashes | AB39: Before/after using empirical Bayes or full Bayes | AC39: This CMF is for crashes on Horizontal Curves. | AD39: Yes | AE39: All crashes | AF39: All crash types | AG39: Valid AADT range tested: 100-15,998. | AH39: Yes
A40: Install Oversized Chevron Signs | B40: CM: Enhanced Delineation for Horizontal Curves | C40: 0.56 | D40: 0.56 | E40: 0.56 | F40: 0.56 | G40: 0.56 | H40: 20 | L40: CMF: 8982 | M40: Added | N40: 4 | O40: Not specified | P40: =C40 -> 0.56 | Q40: =IF(ISNUMBER(P40),ROUND((1-P40)*100,1),"NR") -> 44 | R40: All | S40: Nighttime | T40: Not specified | U40: 173 | V40: 27235 | W40: =IF(AND(ISNUMBER(U40),ISNUMBER(V40)),ROUND((U40+V40)/2,0),IF(ISNUMBER(U40),U40,IF(ISNUMBER(V40),V40,"NR"))) -> 13704 | X40: Not reported | Y40: NR | Z40: no | AA40: 50+ sites / unknown crashes | AB40: Before/after using empirical Bayes or full Bayes | AC40: Presence of advisory speed signs The number of crashes in the after period were not reported in this study | AD40: Yes | AE40: All crashes | AF40: Only: Nighttime | AG40: Valid AADT range tested: 173-27,235. | AH40: Yes
A41: Install In-Lane Curve Warning Pavement Markings | B41: CM: Enhanced Delineation for Horizontal Curves | C41: 0.616 | D41: 0.616 | E41: 0.616 | F41: 0.616 | G41: 0.616 | H41: 20 | L41: CMF: 9167 | M41: Added | N41: 4 | O41: Not reported | P41: =C41 -> 0.616 | Q41: =IF(ISNUMBER(P41),ROUND((1-P41)*100,1),"NR") -> 38.4 | R41: All | S41: All | T41: Not specified | U41: 590 | V41: 7600 | W41: =IF(AND(ISNUMBER(U41),ISNUMBER(V41)),ROUND((U41+V41)/2,0),IF(ISNUMBER(U41),U41,IF(ISNUMBER(V41),V41,"NR"))) -> 4095 | X41: Not reported | Y41: NR | Z41: no | AA41: <25 or unknown sites / 250-499 crashes | AB41: Before/after using empirical Bayes or full Bayes | AC41: Sample size is small. Excludes intersection-related and animal-related crashes. | AD41: Yes | AE41: All crashes | AF41: All crash types | AG41: Valid AADT range tested: 590-7,600. | AH41: Yes
A42: Install New Fluorescent Curve Signs Or Upgrade Existing Curve Signs To Fluorescent Sheeting | B42: CM: Enhanced Delineation for Horizontal Curves | C42: 0.65 | D42: 0.65 | E42: 0.65 | F42: 0.65 | G42: 0.65 | H42: 20 | L42: CMF: 2434 | M42: Added | N42: 5 | O42: Rural | P42: =C42 -> 0.65 | Q42: =IF(ISNUMBER(P42),ROUND((1-P42)*100,1),"NR") -> 35 | R42: All | S42: Nighttime,Non-intersection | T42: All | U42: 895 | V42: 20479 | W42: =IF(AND(ISNUMBER(U42),ISNUMBER(V42)),ROUND((U42+V42)/2,0),IF(ISNUMBER(U42),U42,IF(ISNUMBER(V42),V42,"NR"))) -> 10687 | X42: Not reported | Y42: NR | Z42: no | AA42: 50+ sites / <250 crashes | AB42: Before/after using empirical Bayes or full Bayes | AD42: Yes | AE42: All crashes | AF42: Only: Nighttime,Non-intersection | AG42: Valid AADT range tested: 895-20,479. | AH42: Yes
A43: Install Chevron Signs On Horizontal Curves | B43: CM: Enhanced Delineation for Horizontal Curves | C43: 0.78 | D43: 0.78 | E43: 0.78 | F43: 0.78 | G43: 0.78 | H43: 20 | L43: CMF: 2440 | M43: Added | N43: 5 | O43: Rural | P43: =C43 -> 0.78 | Q43: =IF(ISNUMBER(P43),ROUND((1-P43)*100,1),"NR") -> 22 | R43: All | S43: Head on,Nighttime,Non-intersection,Run off road,Sideswipe | T43: All | U43: 261 | V43: 14790 | W43: =IF(AND(ISNUMBER(U43),ISNUMBER(V43)),ROUND((U43+V43)/2,0),IF(ISNUMBER(U43),U43,IF(ISNUMBER(V43),V43,"NR"))) -> 7526 | X43: Not reported | Y43: NR | Z43: no | AA43: 50+ sites / <250 crashes | AB43: Before/after using empirical Bayes or full Bayes | AD43: Yes | AE43: All crashes | AF43: Only: Head on,Nighttime,Non-intersection,Run off road,Sideswipe | AG43: Valid AADT range tested: 261-14,790. | AH43: Yes
A44: Install A Combination Of Chevron Signs, Curve Warning Signs, And/Or Sequential Flashing Beacons | B44: CM: Enhanced Delineation for Horizontal Curves | C44: 0.21 | D44: 0.21 | E44: 0.21 | F44: 0.21 | G44: 0.21 | H44: 20 | L44: CMF: 1861 | M44: Added | N44: 4 | O44: Not specified | P44: =C44 -> 0.21 | Q44: =IF(ISNUMBER(P44),ROUND((1-P44)*100,1),"NR") -> 79 | R44: All | S44: Nighttime | T44: Principal Arterial Other Freeways and Expressways | U44: 7400 | V44: 13975 | W44: =IF(AND(ISNUMBER(U44),ISNUMBER(V44)),ROUND((U44+V44)/2,0),IF(ISNUMBER(U44),U44,IF(ISNUMBER(V44),V44,"NR"))) -> 10688 | X44: Not reported | Y44: NR | Z44: no | AA44: 50+ sites / 700+ crashes | AB44: Before/after using empirical Bayes or full Bayes | AD44: Yes | AE44: All crashes | AF44: Only: Nighttime | AG44: Study sites were Principal Arterial Other Freeways and Expressways. Do NOT apply to collectors or local roads - the team ruled that out in review. Study AADT 7400-13975 is well below SCDOT's typical volume on that functional class (~17,000 average, higher on the busiest routes). Check the site AADT before using this CMF. Valid AADT range tested: 7,400-13,975. | AH44: Yes
A45: Install Chevron Signs, Curve Warning Signs, And Sequential Flashing Beacons | B45: CM: Enhanced Delineation for Horizontal Curves | C45: 0.231 | D45: 0.231 | E45: 0.231 | F45: 0.231 | G45: 0.231 | H45: 20 | L45: CMF: 1915 | M45: Added | N45: 4 | O45: Not specified | P45: =C45 -> 0.231 | Q45: =IF(ISNUMBER(P45),ROUND((1-P45)*100,1),"NR") -> 76.9 | R45: All | S45: Nighttime | T45: Principal Arterial Other Freeways and Expressways | U45: 7400 | V45: 13975 | W45: =IF(AND(ISNUMBER(U45),ISNUMBER(V45)),ROUND((U45+V45)/2,0),IF(ISNUMBER(U45),U45,IF(ISNUMBER(V45),V45,"NR"))) -> 10688 | X45: Not reported | Y45: NR | Z45: no | AA45: 50+ sites / 700+ crashes | AB45: Before/after using empirical Bayes or full Bayes | AD45: Yes | AE45: All crashes | AF45: Only: Nighttime | AG45: Study sites were Principal Arterial Other Freeways and Expressways. Do NOT apply to collectors or local roads - the team ruled that out in review. Study AADT 7400-13975 is well below SCDOT's typical volume on that functional class (~17,000 average, higher on the busiest routes). Check the site AADT before using this CMF. Valid AADT range tested: 7,400-13,975. | AH45: Yes
A46: Install Centerline Rumble Strips | B46: CM: Centerline Rumble Strips (Two-Lane Roads) | C46: 0.56 | D46: 0.56 | E46: 0.56 | F46: 0.56 | G46: 0.56 | H46: 20 | L46: CMF: 3358 | M46: Original | N46: 4 | O46: Rural | P46: =C46 -> 0.56 | Q46: =IF(ISNUMBER(P46),ROUND((1-P46)*100,1),"NR") -> 44 | R46: K (fatal),A (serious injury),B (minor injury),C (possible injury) | S46: Head on,Sideswipe | T46: Not Specified | U46: 574 | V46: 17591 | W46: =IF(AND(ISNUMBER(U46),ISNUMBER(V46)),ROUND((U46+V46)/2,0),IF(ISNUMBER(U46),U46,IF(ISNUMBER(V46),V46,"NR"))) -> 9083 | X46: Not reported | Y46: NR | Z46: no | AA46: 50+ sites / <250 crashes | AB46: Before/after using empirical Bayes or full Bayes | AC46: The authors collected data on thru lanes and speed limits but did not provide those data in the report. | AD46: Yes | AE46: Fatal & injury only | AF46: Only: Head on,Sideswipe | AG46: Valid AADT range tested: 574-17,591. | AH46: Yes
A47: Install Shoulder Rumble Strips With An Offset Of 9-20 Inches Relative To The Edgeline | B47: CM: Shoulder Rumble Strips | C47: 0.49 | D47: 0.49 | E47: 0.49 | F47: 0.49 | G47: 0.49 | H47: 20 | L47: CMF: 3648 | M47: Original | N47: 3 | O47: Rural | P47: =C47 -> 0.49 | Q47: =IF(ISNUMBER(P47),ROUND((1-P47)*100,1),"NR") -> 51 | R47: K (fatal),A (serious injury),B (minor injury),C (possible injury) | S47: Run off road | T47: Principal Arterial Other Freeways and Expressways | U47: 11539 | V47: 37112 | W47: =IF(AND(ISNUMBER(U47),ISNUMBER(V47)),ROUND((U47+V47)/2,0),IF(ISNUMBER(U47),U47,IF(ISNUMBER(V47),V47,"NR"))) -> 24326 | X47: Not reported | Y47: NR | Z47: no | AA47: <50 or unknown sites / unknown crashes | AB47: Regression cross-section | AC47: The authors collected data on thru lanes and speed limits but did not provide those data in the report | AD47: No | AE47: Fatal & injury only | AF47: Only: Run off road | AG47: Study sites were Principal Arterial Other Freeways and Expressways. Do NOT apply to collectors or local roads - the team ruled that out in review. Valid AADT range tested: 11,539-37,112. | AH47: Yes
A48: Install Shoulder Rumble Strips | B48: CM: Shoulder Rumble Strips | C48: 0.87 | D48: 0.87 | E48: 0.87 | F48: 0.87 | G48: 0.87 | H48: 20 | L48: CMF: 3425 | M48: Original | N48: 3 | O48: Rural | P48: =C48 -> 0.87 | Q48: =IF(ISNUMBER(P48),ROUND((1-P48)*100,1),"NR") -> 13 | R48: K (fatal),A (serious injury),B (minor injury),C (possible injury) | S48: All | T48: Principal Arterial Other Freeways and Expressways | U48: 6777 | V48: 24752 | W48: =IF(AND(ISNUMBER(U48),ISNUMBER(V48)),ROUND((U48+V48)/2,0),IF(ISNUMBER(U48),U48,IF(ISNUMBER(V48),V48,"NR"))) -> 15765 | X48: Not reported | Y48: NR | Z48: no | AA48: 25-49 sites / unknown crashes | AB48: Before/after using empirical Bayes or full Bayes | AC48: The authors collected data on thru lanes and speed limits but did not provide those data in the report | AD48: No | AE48: Fatal & injury only | AF48: All crash types | AG48: Study sites were Principal Arterial Other Freeways and Expressways. Do NOT apply to collectors or local roads - the team ruled that out in review. Valid AADT range tested: 6,777-24,752. | AH48: Yes
A49: Install Sinusoidal Rumble Strip | B49: CM: Centerline Rumble Strips (Two-Lane Roads) | C49: 0.43 | D49: 0.43 | E49: 0.43 | F49: 0.43 | G49: 0.43 | H49: 20 | L49: CMF: 11837 | M49: Added | N49: 5 | O49: Not reported | P49: =C49 -> 0.43 | Q49: =IF(ISNUMBER(P49),ROUND((1-P49)*100,1),"NR") -> 57 | R49: All | S49: Other | T49: Principal Arterial Other | U49: NR | V49: NR | W49: =IF(AND(ISNUMBER(U49),ISNUMBER(V49)),ROUND((U49+V49)/2,0),IF(ISNUMBER(U49),U49,IF(ISNUMBER(V49),V49,"NR"))) -> NR | X49: Not reported | Y49: NR | Z49: no | AA49: 50+ sites / unknown crashes | AB49: Before/after using empirical Bayes or full Bayes | AC49: This CMF is for lane departure crashes on combined roadways including two-lane rural roads and multilane highways. | AD49: Yes | AE49: All crashes | AF49: Only: Other | AG49: AADT range not reported by the study - the selector cannot score AADT fit for this row. | AH49: Yes
A50: Install Centerline Rumble Strips | B50: CM: Centerline Rumble Strips (Two-Lane Roads) | C50: 0.51 | D50: 0.51 | E50: 0.51 | F50: 0.51 | G50: 0.51 | H50: 20 | L50: CMF: 3352 | M50: Added | N50: 5 | O50: Rural | P50: =C50 -> 0.51 | Q50: =IF(ISNUMBER(P50),ROUND((1-P50)*100,1),"NR") -> 49 | R50: All | S50: Head on,Sideswipe | T50: Not Specified | U50: 1336 | V50: 13240 | W50: =IF(AND(ISNUMBER(U50),ISNUMBER(V50)),ROUND((U50+V50)/2,0),IF(ISNUMBER(U50),U50,IF(ISNUMBER(V50),V50,"NR"))) -> 7288 | X50: Not reported | Y50: NR | Z50: no | AA50: 50+ sites / <250 crashes | AB50: Before/after using empirical Bayes or full Bayes | AC50: The authors collected data on thru lanes and speed limits but did not provide those data in the report. | AD50: Yes | AE50: All crashes | AF50: Only: Head on,Sideswipe | AG50: Valid AADT range tested: 1,336-13,240. | AH50: Yes
A51: Install Centerline Rumble Strips On Tangent Sections | B51: CM: Centerline Rumble Strips (Two-Lane Roads) | C51: 0.51 | D51: 0.51 | E51: 0.51 | F51: 0.51 | G51: 0.51 | H51: 20 | L51: CMF: 3384 | M51: Added | N51: 5 | O51: Rural | P51: =C51 -> 0.51 | Q51: =IF(ISNUMBER(P51),ROUND((1-P51)*100,1),"NR") -> 49 | R51: All | S51: Head on,Sideswipe | T51: Not Specified | U51: 1336 | V51: 13240 | W51: =IF(AND(ISNUMBER(U51),ISNUMBER(V51)),ROUND((U51+V51)/2,0),IF(ISNUMBER(U51),U51,IF(ISNUMBER(V51),V51,"NR"))) -> 7288 | X51: Not reported | Y51: NR | Z51: no | AA51: 50+ sites / <250 crashes | AB51: Before/after using empirical Bayes or full Bayes | AC51: The authors collected data on thru lanes and speed limits but did not provide those data in the report. | AD51: Yes | AE51: All crashes | AF51: Only: Head on,Sideswipe | AG51: Valid AADT range tested: 1,336-13,240. | AH51: Yes
A52: Install Centerline Rumble Strips On Horizontal Curves | B52: CM: Centerline Rumble Strips (Two-Lane Roads) | C52: 0.53 | D52: 0.53 | E52: 0.53 | F52: 0.53 | G52: 0.53 | H52: 20 | L52: CMF: 3375 | M52: Added | N52: 5 | O52: Rural | P52: =C52 -> 0.53 | Q52: =IF(ISNUMBER(P52),ROUND((1-P52)*100,1),"NR") -> 47 | R52: All | S52: Head on,Sideswipe | T52: Not Specified | U52: 574 | V52: 20784 | W52: =IF(AND(ISNUMBER(U52),ISNUMBER(V52)),ROUND((U52+V52)/2,0),IF(ISNUMBER(U52),U52,IF(ISNUMBER(V52),V52,"NR"))) -> 10679 | X52: Not reported | Y52: NR | Z52: no | AA52: 50+ sites / <250 crashes | AB52: Before/after using empirical Bayes or full Bayes | AC52: The authors collected data on thru lanes and speed limits but did not provide those data in the report. | AD52: Yes | AE52: All crashes | AF52: Only: Head on,Sideswipe | AG52: Valid AADT range tested: 574-20,784. | AH52: Yes
A53: Install Centerline And Shoulder Rumble Strips | B53: CM: Shoulder Rumble Strips | C53: 0.558 | D53: 0.558 | E53: 0.558 | F53: 0.558 | G53: 0.558 | H53: 20 | L53: CMF: 6946 | M53: Added | N53: 5 | O53: Rural | P53: =C53 -> 0.558 | Q53: =IF(ISNUMBER(P53),ROUND((1-P53)*100,1),"NR") -> 44.2 | R53: K (fatal),A (serious injury),B (minor injury),C (possible injury) | S53: All | T53: Not specified | U53: 154 | V53: 15848 | W53: =IF(AND(ISNUMBER(U53),ISNUMBER(V53)),ROUND((U53+V53)/2,0),IF(ISNUMBER(U53),U53,IF(ISNUMBER(V53),V53,"NR"))) -> 8001 | X53: Not reported | Y53: NR | Z53: no | AA53: 50+ sites / <250 crashes | AB53: Before/after using empirical Bayes or full Bayes | AC53: CMF for fatal & injury crashes excludes intersection-related and animal crashes. | AD53: Yes | AE53: Fatal & injury only | AF53: All crash types | AG53: Valid AADT range tested: 154-15,848. | AH53: Yes
A54: Install Shoulder Rumble Strips | B54: CM: Shoulder Rumble Strips | C54: 0.58 | D54: 0.58 | E54: 0.58 | F54: 0.58 | G54: 0.58 | H54: 20 | L54: CMF: 3566 | M54: Added | N54: 5 | O54: Rural | P54: =C54 -> 0.58 | Q54: =IF(ISNUMBER(P54),ROUND((1-P54)*100,1),"NR") -> 42 | R54: All | S54: Run off road,Truck related | T54: Principal Arterial Other Freeways and Expressways | U54: 6777 | V54: 37112 | W54: =IF(AND(ISNUMBER(U54),ISNUMBER(V54)),ROUND((U54+V54)/2,0),IF(ISNUMBER(U54),U54,IF(ISNUMBER(V54),V54,"NR"))) -> 21945 | X54: Not reported | Y54: NR | Z54: no | AA54: 25-49 sites / 700+ crashes | AB54: Before/after using empirical Bayes or full Bayes | AC54: The authors collected data on thru lanes and speed limits but did not provide those data in the report (see p. 50). | AD54: Yes | AE54: All crashes | AF54: Only: Run off road,Truck related | AG54: Study sites were Principal Arterial Other Freeways and Expressways. Do NOT apply to collectors or local roads - the team ruled that out in review. Valid AADT range tested: 6,777-37,112. | AH54: Yes
A55: Install Median Barrier | B55: CM: Median Barriers | C55: 0.03 | D55: 0.03 | E55: 0.03 | F55: 0.03 | G55: 0.03 | H55: 20 | L55: CMF: 7040 | M55: Original | N55: 3 | O55: Rural | P55: =C55 -> 0.03 | Q55: =IF(ISNUMBER(P55),ROUND((1-P55)*100,1),"NR") -> 97 | R55: All | S55: Cross median | T55: Principal Arterial Other Freeways and Expressways | U55: NR | V55: NR | W55: =IF(AND(ISNUMBER(U55),ISNUMBER(V55)),ROUND((U55+V55)/2,0),IF(ISNUMBER(U55),U55,IF(ISNUMBER(V55),V55,"NR"))) -> NR | X55: Not reported | Y55: NR | Z55: no | AA55: <25 or unknown sites / <250 crashes | AB55: Before/after using empirical Bayes or full Bayes | AC55: This CMF applies to cross-median crashes for all median barrier types installed on four-lane freeways. The number of crashes in the after period were not reported in this study | AD55: Yes | AE55: All crashes | AF55: Only: Cross median | AG55: Study sites were Principal Arterial Other Freeways and Expressways. Do NOT apply to collectors or local roads - the team ruled that out in review. AADT range not reported by the study - the selector cannot score AADT fit for this row. | AH55: Yes
A56: Install Cable Median Barrier (High Tension) | B56: CM: Median Barriers | C56: 0.47 | D56: 0.47 | E56: 0.47 | F56: 0.47 | G56: 0.47 | H56: 20 | L56: CMF: 8214 | M56: Added | N56: 4 | O56: Not reported | P56: =C56 -> 0.47 | Q56: =IF(ISNUMBER(P56),ROUND((1-P56)*100,1),"NR") -> 53 | R56: K (fatal),A (serious injury) | S56: Other | T56: Principal Arterial Other Freeways and Expressways | U56: 1508 | V56: 99850 | W56: =IF(AND(ISNUMBER(U56),ISNUMBER(V56)),ROUND((U56+V56)/2,0),IF(ISNUMBER(U56),U56,IF(ISNUMBER(V56),V56,"NR"))) -> 50679 | X56: Not reported | Y56: NR | Z56: no | AA56: 50+ sites / 700+ crashes | AB56: Before/after using empirical Bayes or full Bayes | AC56: CMF applies to target crashes on segment with median width 26 to 50 feet. | AD56: Yes | AE56: Fatal & injury only | AF56: Only: Other | AG56: Study sites were Principal Arterial Other Freeways and Expressways. Do NOT apply to collectors or local roads - the team ruled that out in review. Valid AADT range tested: 1,508-99,850. | AH56: Yes
A57: Flatten Sideslope From 1V:3H To 1V:4H | B57: CM: Roadside Design Improvements at Curves | C57: 0.92 | D57: 0.92 | E57: 0.92 | F57: 0.92 | G57: 0.92 | H57: 20 | L57: CMF: 4627 | M57: Original | N57: NR | O57: Rural | P57: =C57 -> 0.92 | Q57: =IF(ISNUMBER(P57),ROUND((1-P57)*100,1),"NR") -> 8 | R57: Not specified | S57: Single vehicle | T57: Minor Arterial | U57: NR | V57: NR | W57: =IF(AND(ISNUMBER(U57),ISNUMBER(V57)),ROUND((U57+V57)/2,0),IF(ISNUMBER(U57),U57,IF(ISNUMBER(V57),V57,"NR"))) -> NR | X57: Not reported | Y57: NR | Z57: degree | AA57: sites / 700+ crashes | AB57: Expert panel | AC57: HSM 1st Ed, Table 13-19 | AD57: Yes | AE57: Not reported | AF57: Only: Single vehicle | AG57: AADT range not reported by the study - the selector cannot score AADT fit for this row. | AH57: Yes
A58: Flatten Sideslope From 1V:4H To 1V:6H | B58: CM: Roadside Design Improvements at Curves | C58: 0.88 | D58: 0.88 | E58: 0.88 | F58: 0.88 | G58: 0.88 | H58: 20 | L58: CMF: 4632 | M58: Original | N58: NR | O58: Rural | P58: =C58 -> 0.88 | Q58: =IF(ISNUMBER(P58),ROUND((1-P58)*100,1),"NR") -> 12 | R58: Not specified | S58: Single vehicle | T58: Minor Arterial | U58: NR | V58: NR | W58: =IF(AND(ISNUMBER(U58),ISNUMBER(V58)),ROUND((U58+V58)/2,0),IF(ISNUMBER(U58),U58,IF(ISNUMBER(V58),V58,"NR"))) -> NR | X58: Not reported | Y58: NR | Z58: degree | AA58: sites / 700+ crashes | AB58: Expert panel | AC58: HSM 1st Ed, Table 13-19 | AD58: Yes | AE58: Not reported | AF58: Only: Single vehicle | AG58: AADT range not reported by the study - the selector cannot score AADT fit for this row. | AH58: Yes
A59: Flatten Side Slopes | B59: CM: Roadside Design Improvements at Curves | C59: 0.858 | D59: 0.858 | E59: 0.858 | F59: 0.858 | G59: 0.858 | H59: 20 | L59: CMF: 7179 | M59: Added | N59: 4 | O59: Rural | P59: =C59 -> 0.858 | Q59: =IF(ISNUMBER(P59),ROUND((1-P59)*100,1),"NR") -> 14.2 | R59: K (fatal),A (serious injury),B (minor injury),C (possible injury) | S59: Other | T59: Principal Arterial Other Freeways and Expressways | U59: NR | V59: NR | W59: =IF(AND(ISNUMBER(U59),ISNUMBER(V59)),ROUND((U59+V59)/2,0),IF(ISNUMBER(U59),U59,IF(ISNUMBER(V59),V59,"NR"))) -> NR | X59: Not reported | Y59: NR | Z59: no | AA59: 100+ sites / 700+ crashes | AB59: Regression cross-section | AC59: This CMF applies to a unit decrease in median slope ratio for rollover crashes on four-lane freeways with a flexible barrier. | AD59: Yes | AE59: Fatal & injury only | AF59: Only: Other | AG59: Study sites were Principal Arterial Other Freeways and Expressways. Do NOT apply to collectors or local roads - the team ruled that out in review. AADT range not reported by the study - the selector cannot score AADT fit for this row. | AH59: Yes
A60: Install W-Beam Guardrail | B60: CM: Roadside Barriers (Guardrail) | C60: 0.53 | D60: 0.53 | E60: 0.53 | F60: 0.53 | G60: 0.53 | H60: 20 | L60: CMF: 8423 | M60: Added | N60: 4 | O60: Not specified | P60: =C60 -> 0.53 | Q60: =IF(ISNUMBER(P60),ROUND((1-P60)*100,1),"NR") -> 47 | R60: K (fatal),A (serious injury) | S60: Nighttime,Run off road | T60: Principal Arterial Other Freeways and Expressways | U60: 35000 | V60: 104600 | W60: =IF(AND(ISNUMBER(U60),ISNUMBER(V60)),ROUND((U60+V60)/2,0),IF(ISNUMBER(U60),U60,IF(ISNUMBER(V60),V60,"NR"))) -> 69800 | X60: Not reported | Y60: 50-70 | Z60: no | AA60: 50+ sites / 250-499 crashes | AB60: Before/after using empirical Bayes or full Bayes | AC60: The number of crashes in the after period were not reported in this study | AD60: Yes | AE60: Fatal & injury only | AF60: Only: Nighttime,Run off road | AG60: Study sites were Principal Arterial Other Freeways and Expressways. Do NOT apply to collectors or local roads - the team ruled that out in review. Valid AADT range tested: 35,000-104,600. | AH60: Yes
A61: Install W-Beam Guardrail Or Concrete Barrier | B61: CM: Roadside Barriers (Guardrail) | C61: 0.6 | D61: 0.6 | E61: 0.6 | F61: 0.6 | G61: 0.6 | H61: 20 | L61: CMF: 8376 | M61: Added | N61: 4 | O61: Not specified | P61: =C61 -> 0.6 | Q61: =IF(ISNUMBER(P61),ROUND((1-P61)*100,1),"NR") -> 40 | R61: K (fatal),A (serious injury),B (minor injury) | S61: Nighttime,Run off road | T61: Principal Arterial Other Freeways and Expressways | U61: 35000 | V61: 104600 | W61: =IF(AND(ISNUMBER(U61),ISNUMBER(V61)),ROUND((U61+V61)/2,0),IF(ISNUMBER(U61),U61,IF(ISNUMBER(V61),V61,"NR"))) -> 69800 | X61: Not reported | Y61: 50-70 | Z61: no | AA61: 50+ sites / 250-499 crashes | AB61: Before/after using empirical Bayes or full Bayes | AC61: The number of crashes in the after period were not reported in this study | AD61: Yes | AE61: Fatal & injury only | AF61: Only: Nighttime,Run off road | AG61: Study sites were Principal Arterial Other Freeways and Expressways. Do NOT apply to collectors or local roads - the team ruled that out in review. Valid AADT range tested: 35,000-104,600. | AH61: Yes
A62: Install Safety Edge Treatment | B62: CM: SafetyEdge℠ | C62: 0.892 | D62: 0.892 | E62: 0.892 | F62: 0.892 | G62: 0.892 | H62: 20 | L62: CMF: 9205 | M62: Original | N62: 5 | O62: Rural | P62: =C62 -> 0.892 | Q62: =IF(ISNUMBER(P62),ROUND((1-P62)*100,1),"NR") -> 10.8 | R62: K (fatal),A (serious injury),B (minor injury) | S62: All | T62: Principal Arterial Other | U62: 10 | V62: 18600 | W62: =IF(AND(ISNUMBER(U62),ISNUMBER(V62)),ROUND((U62+V62)/2,0),IF(ISNUMBER(U62),U62,IF(ISNUMBER(V62),V62,"NR"))) -> 9305 | X62: Not reported | Y62: NR | Z62: no | AA62: 50+ sites / 250-499 crashes | AB62: Before/after using empirical Bayes or full Bayes | AC62: Excludes intersection-related crashes and animal-related crashes | AD62: Yes | AE62: Fatal & injury only | AF62: All crash types | AG62: Valid AADT range tested: 10-18,600. | AH62: Yes
A63: Install Safety Edge Treatment | B63: CM: SafetyEdge℠ | C63: 0.643 | D63: 0.643 | E63: 0.643 | F63: 0.643 | G63: 0.643 | H63: 20 | L63: CMF: 9677 | M63: Added | N63: 5 | O63: Rural | P63: =C63 -> 0.643 | Q63: =IF(ISNUMBER(P63),ROUND((1-P63)*100,1),"NR") -> 35.7 | R63: All | S63: Run off road | T63: Not specified | U63: NR | V63: NR | W63: =IF(AND(ISNUMBER(U63),ISNUMBER(V63)),ROUND((U63+V63)/2,0),IF(ISNUMBER(U63),U63,IF(ISNUMBER(V63),V63,"NR"))) -> NR | X63: Not reported | Y63: NR | Z63: no | AA63: 50+ sites / <250 crashes | AB63: Before/after using empirical Bayes or full Bayes | AC63: CMF for sites with travel lane width (two lanes)=23-24ft | AD63: Yes | AE63: All crashes | AF63: Only: Run off road | AG63: AADT range not reported by the study - the selector cannot score AADT fit for this row. | AH63: Yes
A64: Install Wider Edgelines (4 In To 6 In) | B64: CM: Wider Edge Lines | C64: 0.635 | D64: 0.635 | E64: 0.635 | F64: 0.635 | G64: 0.635 | H64: 20 | L64: CMF: 4737 | M64: Original | N64: 4 | O64: Rural | P64: =C64 -> 0.635 | Q64: =IF(ISNUMBER(P64),ROUND((1-P64)*100,1),"NR") -> 36.5 | R64: K (fatal),A (serious injury),B (minor injury),C (possible injury) | S64: All | T64: Not specified | U64: NR | V64: NR | W64: =IF(AND(ISNUMBER(U64),ISNUMBER(V64)),ROUND((U64+V64)/2,0),IF(ISNUMBER(U64),U64,IF(ISNUMBER(V64),V64,"NR"))) -> NR | X64: Not reported | Y64: NR | Z64: no | AA64: 50+ sites / <250 crashes | AB64: Before/after using empirical Bayes or full Bayes | AC64: Crash type also excludes intersection/interchange crashes and winter month crashes | AD64: Yes | AE64: Fatal & injury only | AF64: All crash types | AG64: AADT range not reported by the study - the selector cannot score AADT fit for this row. | AH64: Yes
A65: Install Wider Longitudinal Pavement Markings | B65: CM: Wider Edge Lines | C65: 0.725 | D65: 0.725 | E65: 0.725 | F65: 0.725 | G65: 0.725 | H65: 20 | L65: CMF: 10644 | M65: Added | N65: 5 | O65: Rural | P65: =C65 -> 0.725 | Q65: =IF(ISNUMBER(P65),ROUND((1-P65)*100,1),"NR") -> 27.5 | R65: All | S65: All | T65: All | U65: NR | V65: NR | W65: =IF(AND(ISNUMBER(U65),ISNUMBER(V65)),ROUND((U65+V65)/2,0),IF(ISNUMBER(U65),U65,IF(ISNUMBER(V65),V65,"NR"))) -> NR | X65: Not reported | Y65: NR | Z65: no | AA65: 50+ sites / unknown crashes | AB65: Before/after using empirical Bayes or full Bayes | AC65: The width of the longitudinal median markings was increased from 100 mm (4 in.) to 200 mm (8 in.) for divided highways. For the undivided highways, only edge line markings were widened from 100 mm (4 in.) to 200 mm (8 in.). | AD65: Yes | AE65: All crashes | AF65: All crash types | AG65: AADT range not reported by the study - the selector cannot score AADT fit for this row. | AH65: Yes
A66: Install Wider Markings With Resurfacing | B66: CM: Wider Edge Lines | C66: 0.66 | D66: 0.66 | E66: 0.66 | F66: 0.66 | G66: 0.66 | H66: 20 | L66: CMF: 4770 | M66: Added | N66: 4 | O66: Rural | P66: =C66 -> 0.66 | Q66: =IF(ISNUMBER(P66),ROUND((1-P66)*100,1),"NR") -> 34 | R66: K (fatal),A (serious injury) | S66: All | T66: Not specified | U66: NR | V66: NR | W66: =IF(AND(ISNUMBER(U66),ISNUMBER(V66)),ROUND((U66+V66)/2,0),IF(ISNUMBER(U66),U66,IF(ISNUMBER(V66),V66,"NR"))) -> NR | X66: Not reported | Y66: NR | Z66: no | AA66: <25 or unknown sites / unknown crashes | AB66: Before/after using empirical Bayes or full Bayes | AD66: Yes | AE66: Fatal & injury only | AF66: All crash types | AG66: AADT range not reported by the study - the selector cannot score AADT fit for this row. | AH66: Yes
A67: Install Wider Edgelines (4 In To 6 In) | B67: CM: Wider Edge Lines | C67: 0.714 | D67: 0.714 | E67: 0.714 | F67: 0.714 | G67: 0.714 | H67: 20 | L67: CMF: 4739 | M67: Added | N67: 4 | O67: Rural | P67: =C67 -> 0.714 | Q67: =IF(ISNUMBER(P67),ROUND((1-P67)*100,1),"NR") -> 28.6 | R67: All | S67: Day time | T67: Not specified | U67: NR | V67: NR | W67: =IF(AND(ISNUMBER(U67),ISNUMBER(V67)),ROUND((U67+V67)/2,0),IF(ISNUMBER(U67),U67,IF(ISNUMBER(V67),V67,"NR"))) -> NR | X67: Not reported | Y67: NR | Z67: no | AA67: 50+ sites / <250 crashes | AB67: Before/after using empirical Bayes or full Bayes | AC67: Crash type also excludes intersection/interchange crashes and winter month crashes | AD67: Yes | AE67: All crashes | AF67: Only: Day time | AG67: AADT range not reported by the study - the selector cannot score AADT fit for this row. | AH67: Yes
A68: Install Wider Markings Without Resurfacing | B68: CM: Wider Edge Lines | C68: 0.78 | D68: 0.78 | E68: 0.78 | F68: 0.78 | G68: 0.78 | H68: 20 | L68: CMF: 4792 | M68: Added | N68: 4 | O68: Rural | P68: =C68 -> 0.78 | Q68: =IF(ISNUMBER(P68),ROUND((1-P68)*100,1),"NR") -> 22 | R68: K (fatal),A (serious injury),B (minor injury),C (possible injury) | S68: All | T68: Principal Arterial Other Freeways and Expressways | U68: NR | V68: NR | W68: =IF(AND(ISNUMBER(U68),ISNUMBER(V68)),ROUND((U68+V68)/2,0),IF(ISNUMBER(U68),U68,IF(ISNUMBER(V68),V68,"NR"))) -> NR | X68: Not reported | Y68: NR | Z68: no | AA68: <25 or unknown sites / unknown crashes | AB68: Before/after using empirical Bayes or full Bayes | AD68: Yes | AE68: Fatal & injury only | AF68: All crash types | AG68: Study sites were Principal Arterial Other Freeways and Expressways. Do NOT apply to collectors or local roads - the team ruled that out in review. AADT range not reported by the study - the selector cannot score AADT fit for this row. | AH68: Yes
A69: Add 3-Inch Yellow Retroreflective Sheeting To Signal Backplates | B69: CM: Backplates with Retroreflective Borders | C69: 0.85 | D69: 0.85 | E69: 0.85 | F69: 0.85 | G69: 0.85 | H69: 20 | L69: CMF: 1410 | M69: Original | N69: 4 | O69: Urban | P69: =C69 -> 0.85 | Q69: =IF(ISNUMBER(P69),ROUND((1-P69)*100,1),"NR") -> 15 | R69: All | S69: All | T69: Not specified | U69: NR | V69: NR | W69: =IF(AND(ISNUMBER(U69),ISNUMBER(V69)),ROUND((U69+V69)/2,0),IF(ISNUMBER(U69),U69,IF(ISNUMBER(V69),V69,"NR"))) -> NR | X69: Roadway/roadway (not interchange related) | Y69: NR | Z69: no | AA69: <25 or unknown sites / unknown crashes | AB69: Before/after using empirical Bayes or full Bayes | AC69: The number of crashes in the after period were not reported in this study | AD69: Yes | AE69: All crashes | AF69: All crash types | AG69: AADT range not reported by the study - the selector cannot score AADT fit for this row. | AH69: No
A70: Reduce Driveways From 10-24 To Less Than 10 Per Mile | B70: CM: Corridor Access Management | C70: 0.75 | D70: 0.75 | E70: 0.75 | F70: 0.75 | G70: 0.75 | H70: 20 | L70: CMF: 179 | M70: Original | N70: 3 | O70: Urban and suburban | P70: =C70 -> 0.75 | Q70: =IF(ISNUMBER(P70),ROUND((1-P70)*100,1),"NR") -> 25 | R70: A (serious injury),B (minor injury),C (possible injury) | S70: All | T70: Minor Arterial | U70: NR | V70: NR | W70: =IF(AND(ISNUMBER(U70),ISNUMBER(V70)),ROUND((U70+V70)/2,0),IF(ISNUMBER(U70),U70,IF(ISNUMBER(V70),V70,"NR"))) -> NR | X70: Not reported | Y70: NR | Z70: bold | AA70: 100+ sites / <250 crashes | AB70: Meta-analysis | AD70: No - not implementable | AE70: Fatal & injury only | AF70: All crash types | AG70: AADT range not reported by the study - the selector cannot score AADT fit for this row. | AH70: No
A71: Reduce Driveways From 26-48 To 10-24 Per Mile | B71: CM: Corridor Access Management | C71: 0.69 | D71: 0.69 | E71: 0.69 | F71: 0.69 | G71: 0.69 | H71: 20 | L71: CMF: 178 | M71: Original | N71: 3 | O71: Urban and suburban | P71: =C71 -> 0.69 | Q71: =IF(ISNUMBER(P71),ROUND((1-P71)*100,1),"NR") -> 31 | R71: A (serious injury),B (minor injury),C (possible injury) | S71: All | T71: Minor Arterial | U71: NR | V71: NR | W71: =IF(AND(ISNUMBER(U71),ISNUMBER(V71)),ROUND((U71+V71)/2,0),IF(ISNUMBER(U71),U71,IF(ISNUMBER(V71),V71,"NR"))) -> NR | X71: Not reported | Y71: NR | Z71: bold | AA71: 100+ sites / <250 crashes | AB71: Meta-analysis | AD71: No - not implementable | AE71: Fatal & injury only | AF71: All crash types | AG71: AADT range not reported by the study - the selector cannot score AADT fit for this row. | AH71: No
A72: Install TWLTL (Two-Way Left Turn Lane) On Four Lane Road | B72: CM: Corridor Access Management | C72: 0.701 | D72: 0.701 | E72: 0.701 | F72: 0.701 | G72: 0.701 | H72: 20 | L72: CMF: 10375 | M72: Added | N72: 4 | O72: Urban | P72: =C72 -> 0.701 | Q72: =IF(ISNUMBER(P72),ROUND((1-P72)*100,1),"NR") -> 29.9 | R72: All | S72: Non-intersection | T72: Not specified | U72: 6800 | V72: 22141 | W72: =IF(AND(ISNUMBER(U72),ISNUMBER(V72)),ROUND((U72+V72)/2,0),IF(ISNUMBER(U72),U72,IF(ISNUMBER(V72),V72,"NR"))) -> 14471 | X72: Not reported | Y72: NR | Z72: no | AA72: 50+ sites / <250 crashes | AB72: Before/after using empirical Bayes or full Bayes | AC72: Safety performance function for 4-lane highway used for the analysis has been previously developed for the state of Louisiana. | AD72: Yes | AE72: All crashes | AF72: Only: Non-intersection | AG72: Valid AADT range tested: 6,800-22,141. | AH72: No
A73: Introduce TWLTL (Two-Way Left Turn Lanes) On Rural Two Lane Roads | B73: CM: Corridor Access Management | C73: 0.53 | D73: 0.53 | E73: 0.53 | F73: 0.53 | G73: 0.53 | H73: 20 | L73: CMF: 585 | M73: Added | N73: 5 | O73: Rural | P73: =C73 -> 0.53 | Q73: =IF(ISNUMBER(P73),ROUND((1-P73)*100,1),"NR") -> 47 | R73: All | S73: Rear end | T73: Not specified | U73: NR | V73: NR | W73: =IF(AND(ISNUMBER(U73),ISNUMBER(V73)),ROUND((U73+V73)/2,0),IF(ISNUMBER(U73),U73,IF(ISNUMBER(V73),V73,"NR"))) -> NR | X73: Not reported | Y73: NR | Z73: no | AA73: 50+ sites / 700+ crashes | AB73: Before/after using empirical Bayes or full Bayes | AD73: Yes | AE73: All crashes | AF73: Only: Rear end | AG73: AADT range not reported by the study - the selector cannot score AADT fit for this row. | AH73: No
A74: Install TWLTL (Two-Way Left Turn Lane) On Two Lane Road | B74: CM: Corridor Access Management | C74: 0.469 | D74: 0.469 | E74: 0.469 | F74: 0.469 | G74: 0.469 | H74: 20 | L74: CMF: 2344 | M74: Added | N74: 4 | O74: All | P74: =C74 -> 0.469 | Q74: =IF(ISNUMBER(P74),ROUND((1-P74)*100,1),"NR") -> 53.1 | R74: K (fatal),A (serious injury),B (minor injury),C (possible injury) | S74: All | T74: Not Specified | U74: NR | V74: NR | W74: =IF(AND(ISNUMBER(U74),ISNUMBER(V74)),ROUND((U74+V74)/2,0),IF(ISNUMBER(U74),U74,IF(ISNUMBER(V74),V74,"NR"))) -> NR | X74: Not reported | Y74: NR | Z74: no | AA74: <25 or unknown sites / 700+ crashes | AB74: Before/after using empirical Bayes or full Bayes | AD74: Yes | AE74: Fatal & injury only | AF74: All crash types | AG74: AADT range not reported by the study - the selector cannot score AADT fit for this row. | AH74: No
A75: Replace TWLTL With Raised Median | B75: CM: Corridor Access Management | C75: 0.53 | D75: 0.53 | E75: 0.53 | F75: 0.53 | G75: 0.53 | H75: 20 | L75: CMF: 2518 | M75: Added | N75: 4 | O75: Not reported | P75: =C75 -> 0.53 | Q75: =IF(ISNUMBER(P75),ROUND((1-P75)*100,1),"NR") -> 47 | R75: All | S75: Head on | T75: All | U75: 4883 | V75: 96080 | W75: =IF(AND(ISNUMBER(U75),ISNUMBER(V75)),ROUND((U75+V75)/2,0),IF(ISNUMBER(U75),U75,IF(ISNUMBER(V75),V75,"NR"))) -> 50482 | X75: Not reported | Y75: 30-45 | Z75: no | AA75: 100+ sites / 700+ crashes | AB75: Regression cross-section | AD75: Yes | AE75: All crashes | AF75: Only: Head on | AG75: Valid AADT range tested: 4,883-96,080. | AH75: Yes
A76: PROVIDE A RIGHT-TURN LANE ON ONE MAJOR-ROAD APPROACH | B76: CM: Dedicated Right- Lanes at Intersections | C76: 0.86 | D76: 0.86 | E76: 0.86 | F76: 0.86 | G76: 0.86 | H76: 20 | L76: CMF: 285 | M76: Original | N76: 4 | O76: All | P76: =C76 -> 0.86 | Q76: =IF(ISNUMBER(P76),ROUND((1-P76)*100,1),"NR") -> 14 | R76: All | S76: All | T76: Not Specified | U76: 1500 | V76: 40600 | W76: =IF(AND(ISNUMBER(U76),ISNUMBER(V76)),ROUND((U76+V76)/2,0),IF(ISNUMBER(U76),U76,IF(ISNUMBER(V76),V76,"NR"))) -> 21050 | X76: Roadway/roadway (not interchange related) | Y76: NR | Z76: bold | AA76: 25-49 sites / 700+ crashes | AB76: Before/after using empirical Bayes or full Bayes | AC76: Countermeasure name changed to match HSM The number of crashes in the after period were not reported in this study, | AD76: Yes | AE76: All crashes | AF76: All crash types | AG76: Valid AADT range tested: 1,500-40,600. | AH76: No
A77: Improve Angle Of Channelized Right Turn Lane | B77: CM: Dedicated Right- Lanes at Intersections | C77: 0.397 | D77: 0.397 | E77: 0.397 | F77: 0.397 | G77: 0.397 | H77: 20 | L77: CMF: 8431 | M77: Added | N77: 4 | O77: Not specified | P77: =C77 -> 0.397 | Q77: =IF(ISNUMBER(P77),ROUND((1-P77)*100,1),"NR") -> 60.3 | R77: All | S77: Right turn,Other | T77: Not specified | U77: NR | V77: NR | W77: =IF(AND(ISNUMBER(U77),ISNUMBER(V77)),ROUND((U77+V77)/2,0),IF(ISNUMBER(U77),U77,IF(ISNUMBER(V77),V77,"NR"))) -> NR | X77: Roadway/roadway (not interchange related) | Y77: NR | Z77: no | AA77: 50+ sites / 250-499 crashes | AB77: Before/after using empirical Bayes or full Bayes | AC77: Crash type = "right turn related crashes at subject approach". Total intersection AADT ranged from 3300 to 41300. Group of intersections analyzed included both signalized and stop-controlled intersections. | AD77: Yes | AE77: All crashes | AF77: Only: Right turn,Other | AG77: AADT range not reported by the study - the selector cannot score AADT fit for this row. | AH77: No
A78: Change Right-Turn Lane Geometry To Increase Line Of Sight (Approach Level) | B78: CM: Dedicated Right- Lanes at Intersections | C78: 0.404 | D78: 0.404 | E78: 0.404 | F78: 0.404 | G78: 0.404 | H78: 20 | L78: CMF: 8499 | M78: Added | N78: 4 | O78: Not reported | P78: =C78 -> 0.404 | Q78: =IF(ISNUMBER(P78),ROUND((1-P78)*100,1),"NR") -> 59.6 | R78: All | S78: Right turn | T78: All | U78: NR | V78: NR | W78: =IF(AND(ISNUMBER(U78),ISNUMBER(V78)),ROUND((U78+V78)/2,0),IF(ISNUMBER(U78),U78,IF(ISNUMBER(V78),V78,"NR"))) -> NR | X78: Other | Y78: 25-45 | Z78: no | AA78: 50+ sites / unknown crashes | AB78: Before/after using empirical Bayes or full Bayes | AC78: CMF applies only to treated approaches. Intersection AADT ranges from 15,558 to 29,992. CMF applies to both stop-controlled and signalized intersections. Roadway/roadway both interchange and not-interchange related. | AD78: Yes | AE78: All crashes | AF78: Only: Right turn | AG78: AADT range not reported by the study - the selector cannot score AADT fit for this row. | AH78: No
A79: Change Right-Turn Lane Geometry To Increase Line Of Sight (Intersection Level) | B79: CM: Dedicated Right- Lanes at Intersections | C79: 0.558 | D79: 0.558 | E79: 0.558 | F79: 0.558 | G79: 0.558 | H79: 20 | L79: CMF: 8496 | M79: Added | N79: 4 | O79: Not reported | P79: =C79 -> 0.558 | Q79: =IF(ISNUMBER(P79),ROUND((1-P79)*100,1),"NR") -> 44.2 | R79: All | S79: All | T79: All | U79: NR | V79: NR | W79: =IF(AND(ISNUMBER(U79),ISNUMBER(V79)),ROUND((U79+V79)/2,0),IF(ISNUMBER(U79),U79,IF(ISNUMBER(V79),V79,"NR"))) -> NR | X79: Other | Y79: 25-45 | Z79: no | AA79: 50+ sites / unknown crashes | AB79: Before/after using empirical Bayes or full Bayes | AC79: Authors indicate that this CMF should be used with caution, since improvements were made to other approaches. Intersection AADT ranges from 15,558 to 29,992. CMF applies to both stop-controlled and signalized intersections. Roadway/roadway both interchange and not-interchange related. | AD79: Yes | AE79: All crashes | AF79: All crash types | AG79: AADT range not reported by the study - the selector cannot score AADT fit for this row. | AH79: No
A80: Provide A Right-Turn Lane On Both Major-Road Approaches | B80: CM: Dedicated Right- Lanes at Intersections | C80: 0.74 | D80: 0.74 | E80: 0.74 | F80: 0.74 | G80: 0.74 | H80: 20 | L80: CMF: 289 | M80: Added | N80: 4 | O80: All | P80: =C80 -> 0.74 | Q80: =IF(ISNUMBER(P80),ROUND((1-P80)*100,1),"NR") -> 26 | R80: All | S80: All | T80: Not Specified | U80: 1500 | V80: 40600 | W80: =IF(AND(ISNUMBER(U80),ISNUMBER(V80)),ROUND((U80+V80)/2,0),IF(ISNUMBER(U80),U80,IF(ISNUMBER(V80),V80,"NR"))) -> 21050 | X80: Roadway/roadway (not interchange related) | Y80: NR | Z80: bold | AA80: 25-49 sites / 700+ crashes | AB80: Before/after using empirical Bayes or full Bayes | AC80: Countermeasure name changed to match HSM The number of crashes in the after period were not reported in this study, however, they have been recorded as 300 to give 10 points as a beneift of doubt for one or more of the following: (1) number of miles/sites in the reference/treatment group, (2) number of crashes in the references/treatment group, (3) reporting AADTs for the aggregate dataset but not for the disaggragate dataset used for CMF development. | AD80: Yes | AE80: All crashes | AF80: All crash types | AG80: Valid AADT range tested: 1,500-40,600. | AH80: No
A81: Provide A Right-Turn Lane On One Major-Road Approach | B81: CM: Dedicated Right- Lanes at Intersections | C81: 0.77 | D81: 0.77 | E81: 0.77 | F81: 0.77 | G81: 0.77 | H81: 20 | L81: CMF: 287 | M81: Added | N81: 4 | O81: All | P81: =C81 -> 0.77 | Q81: =IF(ISNUMBER(P81),ROUND((1-P81)*100,1),"NR") -> 23 | R81: K (fatal),A (serious injury),B (minor injury),C (possible injury) | S81: All | T81: Not Specified | U81: 1500 | V81: 40600 | W81: =IF(AND(ISNUMBER(U81),ISNUMBER(V81)),ROUND((U81+V81)/2,0),IF(ISNUMBER(U81),U81,IF(ISNUMBER(V81),V81,"NR"))) -> 21050 | X81: Roadway/roadway (not interchange related) | Y81: NR | Z81: bold | AA81: 25-49 sites / 700+ crashes | AB81: Before/after using empirical Bayes or full Bayes | AC81: Countermeasure name changed to match HSM The number of crashes in the after period were not reported in this study, however, they have been recorded as 300 to give 10 points as a beneift of doubt for one or more of the following: (1) number of miles/sites in the reference/treatment group, (2) number of crashes in the references/treatment group, (3) reporting AADTs for the aggregate dataset but not for the disaggragate dataset used for CMF development. | AD81: Yes | AE81: Fatal & injury only | AF81: All crash types | AG81: Valid AADT range tested: 1,500-40,600. | AH81: No
A82: Provide A Left-Turn Lane On One Major-Road Approach | B82: CM: Dedicated Left- Lanes at Intersections | C82: 0.72 | D82: 0.72 | E82: 0.72 | F82: 0.72 | G82: 0.72 | H82: 20 | L82: CMF: 260 | M82: Original | N82: 4 | O82: Rural | P82: =C82 -> 0.72 | Q82: =IF(ISNUMBER(P82),ROUND((1-P82)*100,1),"NR") -> 28 | R82: All | S82: All | T82: Not Specified | U82: 1600 | V82: 32400 | W82: =IF(AND(ISNUMBER(U82),ISNUMBER(V82)),ROUND((U82+V82)/2,0),IF(ISNUMBER(U82),U82,IF(ISNUMBER(V82),V82,"NR"))) -> 17000 | X82: Roadway/roadway (not interchange related) | Y82: NR | Z82: bold | AA82: 25-49 sites / <250 crashes | AB82: Before/after using empirical Bayes or full Bayes | AC82: Countermeasure name changed to match HSM The number of crashes in the after period were not reported in this study, however, they have been recorded as 300 to give 10 points as a beneift of doubt for one or more of the following: (1) number of miles/sites in the reference/treatment group, (2) number of crashes in the references/treatment group, (3) reporting AADTs for the aggregate dataset but not for the disaggragate dataset used for CMF development. | AD82: Yes | AE82: All crashes | AF82: All crash types | AG82: Valid AADT range tested: 1,600-32,400. | AH82: No
A83: Improve Left-Turn Lane Offset To Create Positive Offset | B83: CM: Dedicated Left- Lanes at Intersections | C83: 0.644 | D83: 0.644 | E83: 0.644 | F83: 0.644 | G83: 0.644 | H83: 20 | L83: CMF: 6096 | M83: Original | N83: 3 | O83: Not specified | P83: =C83 -> 0.644 | Q83: =IF(ISNUMBER(P83),ROUND((1-P83)*100,1),"NR") -> 35.6 | R83: K (fatal),A (serious injury),B (minor injury),C (possible injury) | S83: All | T83: Not specified | U83: 7150 | V83: 29200 | W83: =IF(AND(ISNUMBER(U83),ISNUMBER(V83)),ROUND((U83+V83)/2,0),IF(ISNUMBER(U83),U83,IF(ISNUMBER(V83),V83,"NR"))) -> 18175 | X83: Not reported | Y83: NR | Z83: no | AA83: <25 or unknown sites / 700+ crashes | AB83: Before/after using empirical Bayes or full Bayes | AC83: CMF of shifting the left-turn lane further away from the adjacent through lane and result in a less negative offset or no offset. | AD83: Yes | AE83: Fatal & injury only | AF83: All crash types | AG83: Valid AADT range tested: 7,150-29,200. | AH83: No
A84: Install Dual Left Turn Lanes (DLTLs) | B84: CM: Dedicated Left- Lanes at Intersections | C84: 0.944 | D84: 0.944 | E84: 0.944 | F84: 0.944 | G84: 0.944 | H84: 20 | L84: CMF: 11911 | M84: Added | N84: 5 | O84: Not reported | P84: =C84 -> 0.944 | Q84: =IF(ISNUMBER(P84),ROUND((1-P84)*100,1),"NR") -> 5.6 | R84: All | S84: All | T84: Principal Arterial Other Freeways and Expressways, Principal Arterial Other, Minor Arterial, Major Collector | U84: 21000 | V84: 69000 | W84: =IF(AND(ISNUMBER(U84),ISNUMBER(V84)),ROUND((U84+V84)/2,0),IF(ISNUMBER(U84),U84,IF(ISNUMBER(V84),V84,"NR"))) -> 45000 | X84: Roadway/roadway (not interchange related) | Y84: NR | Z84: no | AA84: 50+ sites / unknown crashes | AB84: Before/after using empirical Bayes or full Bayes | AC84: This CMF is for all 36 treatment sites. | AD84: Yes | AE84: All crashes | AF84: All crash types | AG84: Study sites were Principal Arterial Other Freeways and Expressways, Principal Arterial Other, Minor Arterial, Major Collector. Do NOT apply to collectors or local roads - the team ruled that out in review. Valid AADT range tested: 21,000-69,000. | AH84: No
A85: Install Left-Turn Lane At Signalized Intersection | B85: CM: Dedicated Left- Lanes at Intersections | C85: 0.412 | D85: 0.412 | E85: 0.412 | F85: 0.412 | G85: 0.412 | H85: 20 | L85: CMF: 8002 | M85: Added | N85: 4 | O85: All | P85: =C85 -> 0.412 | Q85: =IF(ISNUMBER(P85),ROUND((1-P85)*100,1),"NR") -> 58.8 | R85: All | S85: Rear end | T85: Not specified | U85: 2981 | V85: 18248 | W85: =IF(AND(ISNUMBER(U85),ISNUMBER(V85)),ROUND((U85+V85)/2,0),IF(ISNUMBER(U85),U85,IF(ISNUMBER(V85),V85,"NR"))) -> 10615 | X85: Not specified | Y85: NR | Z85: no | AA85: 50+ sites / 700+ crashes | AB85: Before/after using empirical Bayes or full Bayes | AC85: The CMF was developed for both rural and suburban areas. The number of crashes in the after period were not reported in this study, however, they have been recorded as 300 to give 10 points as a beneift of doubt for one or more of the following: (1) number of miles/sites in the reference/treatment group, (2) number of crashes in the references/treatment group, (3) reporting AADTs for the aggregate dataset but not for the disaggragate dataset used for CMF development. | AD85: Yes | AE85: All crashes | AF85: Only: Rear end | AG85: Valid AADT range tested: 2,981-18,248. | AH85: No
A86: Provide A Left-Turn Lane On Both Major-Road Approaches | B86: CM: Dedicated Left- Lanes at Intersections | C86: 0.42 | D86: 0.42 | E86: 0.42 | F86: 0.42 | G86: 0.42 | H86: 20 | L86: CMF: 272 | M86: Added | N86: 4 | O86: Rural | P86: =C86 -> 0.42 | Q86: =IF(ISNUMBER(P86),ROUND((1-P86)*100,1),"NR") -> 58 | R86: K (fatal),A (serious injury),B (minor injury),C (possible injury) | S86: All | T86: Not Specified | U86: 1500 | V86: 32400 | W86: =IF(AND(ISNUMBER(U86),ISNUMBER(V86)),ROUND((U86+V86)/2,0),IF(ISNUMBER(U86),U86,IF(ISNUMBER(V86),V86,"NR"))) -> 16950 | X86: Roadway/roadway (not interchange related) | Y86: NR | Z86: bold | AA86: <25 or unknown sites / <250 crashes | AB86: Before/after using empirical Bayes or full Bayes | AC86: Countermeasure name changed to match HSM The number of crashes in the after period were not reported in this study, however, they have been recorded as 300 to give 10 points as a beneift of doubt for one or more of the following: (1) number of miles/sites in the reference/treatment group, (2) number of crashes in the references/treatment group, (3) reporting AADTs for the aggregate dataset but not for the disaggragate dataset used for CMF development. | AD86: Yes | AE86: Fatal & injury only | AF86: All crash types | AG86: Valid AADT range tested: 1,500-32,400. | AH86: No
A87: Provide A Left-Turn Lane On One Major-Road Approach | B87: CM: Dedicated Left- Lanes at Intersections | C87: 0.45 | D87: 0.45 | E87: 0.45 | F87: 0.45 | G87: 0.45 | H87: 20 | L87: CMF: 255 | M87: Added | N87: 4 | O87: Rural | P87: =C87 -> 0.45 | Q87: =IF(ISNUMBER(P87),ROUND((1-P87)*100,1),"NR") -> 55 | R87: K (fatal),A (serious injury),B (minor injury),C (possible injury) | S87: All | T87: Not Specified | U87: 1600 | V87: 32400 | W87: =IF(AND(ISNUMBER(U87),ISNUMBER(V87)),ROUND((U87+V87)/2,0),IF(ISNUMBER(U87),U87,IF(ISNUMBER(V87),V87,"NR"))) -> 17000 | X87: Roadway/roadway (not interchange related) | Y87: NR | Z87: bold | AA87: 25-49 sites / <250 crashes | AB87: Before/after using empirical Bayes or full Bayes | AC87: Countermeasure name changed to match HSM The number of crashes in the after period were not reported in this study, however, they have been recorded as 300 to give 10 points as a beneift of doubt for one or more of the following: (1) number of miles/sites in the reference/treatment group, (2) number of crashes in the references/treatment group, (3) reporting AADTs for the aggregate dataset but not for the disaggragate dataset used for CMF development. | AD87: Yes | AE87: Fatal & injury only | AF87: All crash types | AG87: Valid AADT range tested: 1,600-32,400. | AH87: No
A88: Introducing Zero Or Positive Offset Left-Turn Lane On Crossing Roadway | B88: CM: Dedicated Left- Lanes at Intersections | C88: 0.74 | D88: 0.74 | E88: 0.74 | F88: 0.74 | G88: 0.74 | H88: 20 | L88: CMF: 276 | M88: Added | N88: 4 | O88: Urban | P88: =C88 -> 0.74 | Q88: =IF(ISNUMBER(P88),ROUND((1-P88)*100,1),"NR") -> 26 | R88: All | S88: Angle | T88: Not specified | U88: NR | V88: NR | W88: =IF(AND(ISNUMBER(U88),ISNUMBER(V88)),ROUND((U88+V88)/2,0),IF(ISNUMBER(U88),U88,IF(ISNUMBER(V88),V88,"NR"))) -> NR | X88: Roadway/roadway (not interchange related) | Y88: NR | Z88: no | AA88: 100+ sites / 700+ crashes | AB88: Regression cross-section | AD88: Yes | AE88: All crashes | AF88: Only: Angle | AG88: AADT range not reported by the study - the selector cannot score AADT fit for this row. | AH88: No
A89: Install J-Turn Intersection | B89: CM: Reduced Left-Turn Conflict Intersections | C89: 0.463 | D89: 0.463 | E89: 0.463 | F89: 0.463 | G89: 0.463 | H89: 20 | L89: CMF: 5556 | M89: Original | N89: 2 | O89: Rural | P89: =C89 -> 0.463 | Q89: =IF(ISNUMBER(P89),ROUND((1-P89)*100,1),"NR") -> 53.7 | R89: A (serious injury),B (minor injury),C (possible injury) | S89: All | T89: Principal Arterial Other Freeways and Expressways | U89: 10326 | V89: 26470 | W89: =IF(AND(ISNUMBER(U89),ISNUMBER(V89)),ROUND((U89+V89)/2,0),IF(ISNUMBER(U89),U89,IF(ISNUMBER(V89),V89,"NR"))) -> 18398 | X89: Roadway/roadway (not interchange related) | Y89: 65-70 | Z89: no | AA89: <25 or unknown sites / <250 crashes | AB89: Before/after using empirical Bayes or full Bayes | AD89: Yes | AE89: Fatal & injury only | AF89: All crash types | AG89: Study sites were Principal Arterial Other Freeways and Expressways. Do NOT apply to collectors or local roads - the team ruled that out in review. Valid AADT range tested: 10,326-26,470. | AH89: No
A90: Convert A Conventional Signalized Intersection To A Signalized Superstreet | B90: CM: Reduced Left-Turn Conflict Intersections | C90: 0.78 | D90: 0.78 | E90: 0.78 | F90: 0.78 | G90: 0.78 | H90: 20 | L90: CMF: 9985 | M90: Original | N90: 3 | O90: Suburban | P90: =C90 -> 0.78 | Q90: =IF(ISNUMBER(P90),ROUND((1-P90)*100,1),"NR") -> 22 | R90: K (fatal),A (serious injury),B (minor injury),C (possible injury) | S90: All | T90: Principal Arterial Other | U90: NR | V90: NR | W90: =IF(AND(ISNUMBER(U90),ISNUMBER(V90)),ROUND((U90+V90)/2,0),IF(ISNUMBER(U90),U90,IF(ISNUMBER(V90),V90,"NR"))) -> NR | X90: Roadway/roadway (not interchange related) | Y90: 40-65 | Z90: no | AA90: <25 or unknown sites / 250-499 crashes | AB90: Before/after using comparison group | AD90: Yes | AE90: Fatal & injury only | AF90: All crash types | AG90: AADT range not reported by the study - the selector cannot score AADT fit for this row. | AH90: No
A91: Convert Intersection To Median U-Turn (Mut) Intersection | B91: CM: Reduced Left-Turn Conflict Intersections | C91: 0.7029 | D91: 0.7029 | E91: 0.7029 | F91: 0.7029 | G91: 0.7029 | H91: 20 | L91: CMF: 10867 | M91: Original | N91: 5 | O91: Urban and suburban | P91: =C91 -> 0.7029 | Q91: =IF(ISNUMBER(P91),ROUND((1-P91)*100,1),"NR") -> 29.7 | R91: A (serious injury),B (minor injury),C (possible injury) | S91: All | T91: Not specified | U91: 19267 | V91: 72074 | W91: =IF(AND(ISNUMBER(U91),ISNUMBER(V91)),ROUND((U91+V91)/2,0),IF(ISNUMBER(U91),U91,IF(ISNUMBER(V91),V91,"NR"))) -> 45671 | X91: Roadway/roadway (not interchange related) | Y91: NR | Z91: no | AA91: 100+ sites / 700+ crashes | AB91: Regression cross-section | AC91: This CMF is for Type B MUT Intersection. A pictorial representation of Type A and Type B MUT Intersection is presented in Figure 2 in the paper. | AD91: Yes | AE91: Fatal & injury only | AF91: All crash types | AG91: Valid AADT range tested: 19,267-72,074. | AH91: No
A92: Convert A Conventional Signalized Intersection To A Continuous Flow Intersection (Cfi) | B92: CM: Reduced Left-Turn Conflict Intersections | C92: 0.706 | D92: 0.706 | E92: 0.706 | F92: 0.706 | G92: 0.706 | H92: 20 | L92: CMF: 11587 | M92: Added | N92: 5 | O92: All | P92: =C92 -> 0.706 | Q92: =IF(ISNUMBER(P92),ROUND((1-P92)*100,1),"NR") -> 29.4 | R92: All | S92: Angle | T92: All | U92: 21740 | V92: 64000 | W92: =IF(AND(ISNUMBER(U92),ISNUMBER(V92)),ROUND((U92+V92)/2,0),IF(ISNUMBER(U92),U92,IF(ISNUMBER(V92),V92,"NR"))) -> 42870 | X92: Roadway/roadway (not interchange related) | Y92: NR | Z92: no | AA92: 50+ sites / unknown crashes | AB92: Before/after using empirical Bayes or full Bayes | AC92: CMF is presented in Table 35 in the report. | AD92: Yes | AE92: All crashes | AF92: Only: Angle | AG92: Valid AADT range tested: 21,740-64,000. | AH92: No
A93: Convert Intersection To Restricted Crossing U-Turn (RCUT) Intersection | B93: CM: Reduced Left-Turn Conflict Intersections | C93: 0.42 | D93: 0.42 | E93: 0.42 | F93: 0.42 | G93: 0.42 | H93: 20 | L93: CMF: 10384 | M93: Added | N93: 4 | O93: All | P93: =C93 -> 0.42 | Q93: =IF(ISNUMBER(P93),ROUND((1-P93)*100,1),"NR") -> 58 | R93: All | S93: All | T93: Not specified | U93: 59833 | V93: 59833 | W93: =IF(AND(ISNUMBER(U93),ISNUMBER(V93)),ROUND((U93+V93)/2,0),IF(ISNUMBER(U93),U93,IF(ISNUMBER(V93),V93,"NR"))) -> 59833 | X93: Roadway/roadway (not interchange related) | Y93: NR | Z93: no | AA93: 50+ sites / <250 crashes | AB93: Before/after using empirical Bayes or full Bayes | AC93: CMF partial RCUT with 2 minor streets. Crashes for RCUT section (including U-turns). SPF used for this analysis came from the 2010 HSM | AD93: Yes | AE93: All crashes | AF93: All crash types | AG93: Valid AADT range tested: 59,833-59,833. | AH93: No
A94: Convert Intersection To Median U-Turn (MUT) Intersection | B94: CM: Reduced Left-Turn Conflict Intersections | C94: 0.1719 | D94: 0.1719 | E94: 0.1719 | F94: 0.1719 | G94: 0.1719 | H94: 20 | L94: CMF: 10858 | M94: Added | N94: 5 | O94: Urban and suburban | P94: =C94 -> 0.1719 | Q94: =IF(ISNUMBER(P94),ROUND((1-P94)*100,1),"NR") -> 82.8 | R94: All | S94: Other | T94: Not specified | U94: 25512 | V94: 85076 | W94: =IF(AND(ISNUMBER(U94),ISNUMBER(V94)),ROUND((U94+V94)/2,0),IF(ISNUMBER(U94),U94,IF(ISNUMBER(V94),V94,"NR"))) -> 55294 | X94: Roadway/roadway (not interchange related) | Y94: NR | Z94: no | AA94: 100+ sites / 700+ crashes | AB94: Regression cross-section | AC94: This CMF is for Head-On Left Turn crashes. This CMF is for Type A MUT Intersection. A pictorial representation of Type A and Type B MUT Intersection is presented in Figure 2 in the paper. | AD94: Yes | AE94: All crashes | AF94: Only: Other | AG94: Valid AADT range tested: 25,512-85,076. | AH94: No
A95: Change Permissive Left-Turn Phasing To Protected/Permissive | B95: CM: Protected/Permissive Left-Turn Phasing | C95: 0.862 | D95: 0.862 | E95: 0.862 | F95: 0.862 | G95: 0.862 | H95: 20 | L95: CMF: 4270 | M95: Added | N95: 5 | O95: Urban | P95: =C95 -> 0.862 | Q95: =IF(ISNUMBER(P95),ROUND((1-P95)*100,1),"NR") -> 13.8 | R95: All | S95: Left turn | T95: Not specified | U95: 4857 | V95: 74990 | W95: =IF(AND(ISNUMBER(U95),ISNUMBER(V95)),ROUND((U95+V95)/2,0),IF(ISNUMBER(U95),U95,IF(ISNUMBER(V95),V95,"NR"))) -> 39924 | X95: Roadway/roadway (not interchange related) | Y95: NR | Z95: no | AA95: 50+ sites / 700+ crashes | AB95: Before/after using empirical Bayes or full Bayes | AC95: Average major and minor road volumes are computed based on weighted average in NC and Toronto. AADT applies to all sites.Assumed 2 crashes per site in both the before and after periods to estimate sample size. | AD95: Yes | AE95: All crashes | AF95: Only: Left turn | AG95: Valid AADT range tested: 4,857-74,990. | AH95: No
A96: Change Permissive Left-Turn Phasing To Protected Only Or Protected/Permissive | B96: CM: Protected/Permissive Left-Turn Phasing | C96: 0.942 | D96: 0.942 | E96: 0.942 | F96: 0.942 | G96: 0.942 | H96: 20 | L96: CMF: 9899 | M96: Added | N96: 5 | O96: Not reported | P96: =C96 -> 0.942 | Q96: =IF(ISNUMBER(P96),ROUND((1-P96)*100,1),"NR") -> 5.8 | R96: K (fatal),A (serious injury),B (minor injury),C (possible injury) | S96: Other | T96: All | U96: NR | V96: NR | W96: =IF(AND(ISNUMBER(U96),ISNUMBER(V96)),ROUND((U96+V96)/2,0),IF(ISNUMBER(U96),U96,IF(ISNUMBER(V96),V96,"NR"))) -> NR | X96: Roadway/roadway (not interchange related) | Y96: NR | Z96: no | AA96: 50+ sites / 700+ crashes | AB96: Before/after using empirical Bayes or full Bayes | AC96: Crash Type = Vehicle-Vehicle Crashes | AD96: Yes | AE96: Fatal & injury only | AF96: Only: Other | AG96: AADT range not reported by the study - the selector cannot score AADT fit for this row. | AH96: No
A97: Changing Left Turn Phasing From Protected-Permissive To Flashing Yellow Arrow (Fya) | B97: CM: Protected/Permissive Left-Turn Phasing | C97: 0.4 | D97: 0.4 | E97: 0.4 | F97: 0.4 | G97: 0.4 | H97: 20 | L97: CMF: 11338 | M97: Added | N97: 4 | O97: Urban and suburban | P97: =C97 -> 0.4 | Q97: =IF(ISNUMBER(P97),ROUND((1-P97)*100,1),"NR") -> 60 | R97: All | S97: Rear end | T97: All | U97: NR | V97: NR | W97: =IF(AND(ISNUMBER(U97),ISNUMBER(V97)),ROUND((U97+V97)/2,0),IF(ISNUMBER(U97),U97,IF(ISNUMBER(V97),V97,"NR"))) -> NR | X97: Roadway/roadway (not interchange related) | Y97: NR | Z97: no | AA97: 25-49 sites / 700+ crashes | AB97: Before/after using empirical Bayes or full Bayes | AC97: This CMF is for FYA Intersections Switching From 24-Hour to TOD FYA Operation with Single Left-Turn Lanes. The category includes FYA intersections that first ran 24-hour FYA operation type, but were switched to running TOD FYA. | AD97: Yes | AE97: All crashes | AF97: Only: Rear end | AG97: AADT range not reported by the study - the selector cannot score AADT fit for this row. | AH97: No
A98: Changing Left Turn Phasing From At Least One Permissive Approach To Flashing Yellow Arrow (Fya) | B98: CM: Protected/Permissive Left-Turn Phasing | C98: 0.635 | D98: 0.635 | E98: 0.635 | F98: 0.635 | G98: 0.635 | H98: 20 | L98: CMF: 4175 | M98: Added | N98: 4 | O98: Urban | P98: =C98 -> 0.635 | Q98: =IF(ISNUMBER(P98),ROUND((1-P98)*100,1),"NR") -> 36.5 | R98: All | S98: Left turn | T98: Not Specified | U98: 8260 | V98: 43000 | W98: =IF(AND(ISNUMBER(U98),ISNUMBER(V98)),ROUND((U98+V98)/2,0),IF(ISNUMBER(U98),U98,IF(ISNUMBER(V98),V98,"NR"))) -> 25630 | X98: Roadway/roadway (not interchange related) | Y98: NR | Z98: no | AA98: 50+ sites / <250 crashes | AB98: Before/after using empirical Bayes or full Bayes | AD98: Yes | AE98: All crashes | AF98: Only: Left turn | AG98: Valid AADT range tested: 8,260-43,000. | AH98: No
A99: Changing Left Turn Phasing On More Than One Approach From Permissive To Protected-Permissive | B99: CM: Protected/Permissive Left-Turn Phasing | C99: 0.787 | D99: 0.787 | E99: 0.787 | F99: 0.787 | G99: 0.787 | H99: 20 | L99: CMF: 4170 | M99: Added | N99: 4 | O99: Urban | P99: =C99 -> 0.787 | Q99: =IF(ISNUMBER(P99),ROUND((1-P99)*100,1),"NR") -> 21.3 | R99: All | S99: Left turn | T99: Not Specified | U99: 4857 | V99: 74990 | W99: =IF(AND(ISNUMBER(U99),ISNUMBER(V99)),ROUND((U99+V99)/2,0),IF(ISNUMBER(U99),U99,IF(ISNUMBER(V99),V99,"NR"))) -> 39924 | X99: Roadway/roadway (not interchange related) | Y99: NR | Z99: no | AA99: 50+ sites / <250 crashes | AB99: Before/after using empirical Bayes or full Bayes | AD99: Yes | AE99: All crashes | AF99: Only: Left turn | AG99: Valid AADT range tested: 4,857-74,990. | AH99: No
A100: Install Left Turn Flashing Yellow Arrow Signals And Supplemental Traffic Signs | B100: CM: Protected/Permissive Left-Turn Phasing | C100: 0.857 | D100: 0.857 | E100: 0.857 | F100: 0.857 | G100: 0.857 | H100: 20 | L100: CMF: 7730 | M100: Added | N100: 4 | O100: Urban | P100: =C100 -> 0.857 | Q100: =IF(ISNUMBER(P100),ROUND((1-P100)*100,1),"NR") -> 14.3 | R100: All | S100: Left turn | T100: All | U100: 3250 | V100: 37500 | W100: =IF(AND(ISNUMBER(U100),ISNUMBER(V100)),ROUND((U100+V100)/2,0),IF(ISNUMBER(U100),U100,IF(ISNUMBER(V100),V100,"NR"))) -> 20375 | X100: Signalized | Y100: NR | Z100: no | AA100: 50+ sites / 700+ crashes | AB100: Before/after using empirical Bayes or full Bayes | AC100: CMFs of left-turn related crashed on signalized intersections, including not interchange related and interchange related intersections. Applies to approaches with dedicated left turn lanes and PPLT phasing before and after. | AD100: Yes | AE100: All crashes | AF100: Only: Left turn | AG100: Valid AADT range tested: 3,250-37,500. | AH100: No
...
